# Blender 5.2.0 LTS
# www.blender.org
o RoyalBlade
v 0.131952 -0.466667 0.000000
v 0.118885 -0.466667 -0.057252
v 0.082271 -0.466667 -0.103165
v 0.029362 -0.466667 -0.128644
v -0.029362 -0.466667 -0.128644
v -0.082271 -0.466667 -0.103165
v -0.118885 -0.466667 -0.057252
v -0.131952 -0.466667 -0.000000
v -0.118885 -0.466667 0.057252
v -0.082271 -0.466667 0.103165
v -0.029362 -0.466667 0.128644
v 0.029362 -0.466667 0.128644
v 0.082271 -0.466667 0.103165
v 0.118885 -0.466667 0.057252
v 0.128998 -0.408333 0.000000
v 0.116223 -0.408333 -0.055970
v 0.080429 -0.408333 -0.100854
v 0.028705 -0.408333 -0.125763
v -0.028705 -0.408333 -0.125763
v -0.080429 -0.408333 -0.100854
v -0.116223 -0.408333 -0.055970
v -0.128998 -0.408333 -0.000000
v -0.116223 -0.408333 0.055970
v -0.080429 -0.408333 0.100854
v -0.028705 -0.408333 0.125763
v 0.028705 -0.408333 0.125763
v 0.080429 -0.408333 0.100854
v 0.116223 -0.408333 0.055970
v 0.133798 -0.350000 0.000000
v 0.120548 -0.350000 -0.058053
v 0.083422 -0.350000 -0.104608
v 0.029773 -0.350000 -0.130444
v -0.029773 -0.350000 -0.130444
v -0.083422 -0.350000 -0.104608
v -0.120548 -0.350000 -0.058053
v -0.133798 -0.350000 -0.000000
v -0.120548 -0.350000 0.058053
v -0.083422 -0.350000 0.104608
v -0.029773 -0.350000 0.130444
v 0.029773 -0.350000 0.130444
v 0.083422 -0.350000 0.104608
v 0.120548 -0.350000 0.058053
v 0.131142 -0.291667 0.000000
v 0.118155 -0.291667 -0.056900
v 0.081766 -0.291667 -0.102531
v 0.029182 -0.291667 -0.127854
v -0.029182 -0.291667 -0.127854
v -0.081766 -0.291667 -0.102531
v -0.118155 -0.291667 -0.056900
v -0.131142 -0.291667 -0.000000
v -0.118155 -0.291667 0.056900
v -0.081766 -0.291667 0.102531
v -0.029182 -0.291667 0.127854
v 0.029182 -0.291667 0.127854
v 0.081766 -0.291667 0.102531
v 0.118155 -0.291667 0.056900
v 0.121556 -0.233333 0.000000
v 0.109518 -0.233333 -0.052741
v 0.075789 -0.233333 -0.095036
v 0.027049 -0.233333 -0.118508
v -0.027049 -0.233333 -0.118508
v -0.075789 -0.233333 -0.095036
v -0.109518 -0.233333 -0.052741
v -0.121556 -0.233333 -0.000000
v -0.109518 -0.233333 0.052741
v -0.075789 -0.233333 0.095036
v -0.027049 -0.233333 0.118508
v 0.027049 -0.233333 0.118508
v 0.075789 -0.233333 0.095036
v 0.109518 -0.233333 0.052741
v 0.119801 -0.175000 0.000000
v 0.107937 -0.175000 -0.051980
v 0.074695 -0.175000 -0.093664
v 0.026658 -0.175000 -0.116798
v -0.026658 -0.175000 -0.116798
v -0.074695 -0.175000 -0.093664
v -0.107937 -0.175000 -0.051980
v -0.119801 -0.175000 -0.000000
v -0.107937 -0.175000 0.051980
v -0.074695 -0.175000 0.093664
v -0.026658 -0.175000 0.116798
v 0.026658 -0.175000 0.116798
v 0.074695 -0.175000 0.093664
v 0.107937 -0.175000 0.051980
v 0.125619 -0.116667 0.000000
v 0.113179 -0.116667 -0.054504
v 0.078322 -0.116667 -0.098213
v 0.027953 -0.116667 -0.122469
v -0.027953 -0.116667 -0.122469
v -0.078322 -0.116667 -0.098213
v -0.113179 -0.116667 -0.054504
v -0.125619 -0.116667 -0.000000
v -0.113179 -0.116667 0.054504
v -0.078322 -0.116667 0.098213
v -0.027953 -0.116667 0.122469
v 0.027953 -0.116667 0.122469
v 0.078322 -0.116667 0.098213
v 0.113179 -0.116667 0.054504
v 0.124780 -0.058333 0.000000
v 0.112423 -0.058333 -0.054140
v 0.077799 -0.058333 -0.097557
v 0.027766 -0.058333 -0.121651
v -0.027766 -0.058333 -0.121651
v -0.077799 -0.058333 -0.097557
v -0.112423 -0.058333 -0.054140
v -0.124780 -0.058333 -0.000000
v -0.112423 -0.058333 0.054140
v -0.077799 -0.058333 0.097557
v -0.027766 -0.058333 0.121651
v 0.027766 -0.058333 0.121651
v 0.077799 -0.058333 0.097557
v 0.112423 -0.058333 0.054140
v 0.117450 0.000000 0.000000
v 0.105819 0.000000 -0.050960
v 0.073229 0.000000 -0.091826
v 0.026135 0.000000 -0.114505
v -0.026135 0.000000 -0.114505
v -0.073229 0.000000 -0.091826
v -0.105819 0.000000 -0.050960
v -0.117450 0.000000 -0.000000
v -0.105819 0.000000 0.050960
v -0.073229 0.000000 0.091826
v -0.026135 0.000000 0.114505
v 0.026135 0.000000 0.114505
v 0.073229 0.000000 0.091826
v 0.105819 0.000000 0.050960
v 0.117717 0.058333 0.000000
v 0.106059 0.058333 -0.051075
v 0.073395 0.058333 -0.092035
v 0.026194 0.058333 -0.114765
v -0.026194 0.058333 -0.114765
v -0.073395 0.058333 -0.092035
v -0.106059 0.058333 -0.051075
v -0.117717 0.058333 -0.000000
v -0.106059 0.058333 0.051075
v -0.073395 0.058333 0.092035
v -0.026194 0.058333 0.114765
v 0.026194 0.058333 0.114765
v 0.073395 0.058333 0.092035
v 0.106059 0.058333 0.051075
v 0.118508 0.116667 0.000000
v 0.106772 0.116667 -0.051419
v 0.073889 0.116667 -0.092654
v 0.026371 0.116667 -0.115537
v -0.026371 0.116667 -0.115537
v -0.073889 0.116667 -0.092654
v -0.106772 0.116667 -0.051419
v -0.118508 0.116667 -0.000000
v -0.106772 0.116667 0.051419
v -0.073889 0.116667 0.092654
v -0.026371 0.116667 0.115537
v 0.026371 0.116667 0.115537
v 0.073889 0.116667 0.092654
v 0.106772 0.116667 0.051419
v 0.126989 0.175000 0.000000
v 0.114413 0.175000 -0.055099
v 0.079177 0.175000 -0.099284
v 0.028258 0.175000 -0.123805
v -0.028258 0.175000 -0.123805
v -0.079177 0.175000 -0.099284
v -0.114413 0.175000 -0.055099
v -0.126989 0.175000 -0.000000
v -0.114413 0.175000 0.055099
v -0.079177 0.175000 0.099284
v -0.028258 0.175000 0.123805
v 0.028258 0.175000 0.123805
v 0.079177 0.175000 0.099284
v 0.114413 0.175000 0.055099
v 0.128849 0.233333 0.000000
v 0.116089 0.233333 -0.055906
v 0.080336 0.233333 -0.100738
v 0.028672 0.233333 -0.125619
v -0.028672 0.233333 -0.125619
v -0.080336 0.233333 -0.100738
v -0.116089 0.233333 -0.055906
v -0.128849 0.233333 -0.000000
v -0.116089 0.233333 0.055906
v -0.080336 0.233333 0.100738
v -0.028672 0.233333 0.125619
v 0.028672 0.233333 0.125619
v 0.080336 0.233333 0.100738
v 0.116089 0.233333 0.055906
v 0.123719 0.291667 0.000000
v 0.111467 0.291667 -0.053680
v 0.077138 0.291667 -0.096727
v 0.027530 0.291667 -0.120617
v -0.027530 0.291667 -0.120617
v -0.077138 0.291667 -0.096727
v -0.111467 0.291667 -0.053680
v -0.123719 0.291667 -0.000000
v -0.111467 0.291667 0.053680
v -0.077138 0.291667 0.096727
v -0.027530 0.291667 0.120617
v 0.027530 0.291667 0.120617
v 0.077138 0.291667 0.096727
v 0.111467 0.291667 0.053680
v 0.126225 0.350000 0.000000
v 0.113725 0.350000 -0.054767
v 0.078700 0.350000 -0.098687
v 0.028088 0.350000 -0.123060
v -0.028088 0.350000 -0.123060
v -0.078700 0.350000 -0.098687
v -0.113725 0.350000 -0.054767
v -0.126225 0.350000 -0.000000
v -0.113725 0.350000 0.054767
v -0.078700 0.350000 0.098687
v -0.028088 0.350000 0.123060
v 0.028088 0.350000 0.123060
v 0.078700 0.350000 0.098687
v 0.113725 0.350000 0.054767
v 0.136737 0.408333 0.000000
v 0.123196 0.408333 -0.059328
v 0.085254 0.408333 -0.106906
v 0.030427 0.408333 -0.133309
v -0.030427 0.408333 -0.133309
v -0.085254 0.408333 -0.106906
v -0.123196 0.408333 -0.059328
v -0.136737 0.408333 -0.000000
v -0.123196 0.408333 0.059328
v -0.085254 0.408333 0.106906
v -0.030427 0.408333 0.133309
v 0.030427 0.408333 0.133309
v 0.085254 0.408333 0.106906
v 0.123196 0.408333 0.059328
v 0.139870 0.466667 0.000000
v 0.126018 0.466667 -0.060687
v 0.087207 0.466667 -0.109354
v 0.031124 0.466667 -0.136363
v -0.031124 0.466667 -0.136363
v -0.087207 0.466667 -0.109354
v -0.126018 0.466667 -0.060687
v -0.139870 0.466667 -0.000000
v -0.126018 0.466667 0.060687
v -0.087207 0.466667 0.109354
v -0.031124 0.466667 0.136363
v 0.031124 0.466667 0.136363
v 0.087207 0.466667 0.109354
v 0.126018 0.466667 0.060687
v 0.128846 -0.525000 -0.000000
v 0.134687 -0.519008 0.000000
v 0.133106 -0.523245 -0.000000
v 0.116086 -0.525000 -0.055904
v 0.121349 -0.519008 -0.058438
v 0.119924 -0.523245 -0.057752
v 0.080334 -0.525000 -0.100736
v 0.083976 -0.519008 -0.105302
v 0.082990 -0.523245 -0.104066
v 0.028671 -0.525000 -0.125615
v 0.029971 -0.519008 -0.131310
v 0.029619 -0.523245 -0.129769
v -0.028671 -0.525000 -0.125615
v -0.029971 -0.519008 -0.131310
v -0.029619 -0.523245 -0.129769
v -0.080334 -0.525000 -0.100736
v -0.083976 -0.519008 -0.105302
v -0.082990 -0.523245 -0.104066
v -0.116086 -0.525000 -0.055904
v -0.121349 -0.519008 -0.058438
v -0.119924 -0.523245 -0.057752
v -0.128846 -0.525000 0.000000
v -0.134687 -0.519008 -0.000000
v -0.133106 -0.523245 0.000000
v -0.116086 -0.525000 0.055904
v -0.121349 -0.519008 0.058438
v -0.119924 -0.523245 0.057752
v -0.080334 -0.525000 0.100736
v -0.083976 -0.519008 0.105302
v -0.082990 -0.523245 0.104066
v -0.028671 -0.525000 0.125615
v -0.029971 -0.519008 0.131310
v -0.029619 -0.523245 0.129769
v 0.028671 -0.525000 0.125615
v 0.029971 -0.519008 0.131310
v 0.029619 -0.523245 0.129769
v 0.080334 -0.525000 0.100736
v 0.083976 -0.519008 0.105302
v 0.082990 -0.523245 0.104066
v 0.116086 -0.525000 0.055904
v 0.121349 -0.519008 0.058438
v 0.119924 -0.523245 0.057752
v 0.128846 0.525000 0.000000
v 0.135499 0.519020 0.000000
v 0.133344 0.523248 0.000000
v 0.116086 0.525000 -0.055904
v 0.122081 0.519020 -0.058791
v 0.120138 0.523248 -0.057856
v 0.080334 0.525000 -0.100736
v 0.084482 0.519020 -0.105938
v 0.083138 0.523248 -0.104252
v 0.028671 0.525000 -0.125615
v 0.030151 0.519020 -0.132102
v 0.029672 0.523248 -0.130000
v -0.028671 0.525000 -0.125615
v -0.030151 0.519020 -0.132102
v -0.029672 0.523248 -0.130000
v -0.080334 0.525000 -0.100736
v -0.084482 0.519020 -0.105938
v -0.083138 0.523248 -0.104252
v -0.116086 0.525000 -0.055904
v -0.122081 0.519020 -0.058791
v -0.120138 0.523248 -0.057856
v -0.128846 0.525000 -0.000000
v -0.135499 0.519020 -0.000000
v -0.133344 0.523248 -0.000000
v -0.116086 0.525000 0.055904
v -0.122081 0.519020 0.058791
v -0.120138 0.523248 0.057856
v -0.080334 0.525000 0.100736
v -0.084482 0.519020 0.105938
v -0.083138 0.523248 0.104252
v -0.028671 0.525000 0.125615
v -0.030151 0.519020 0.132102
v -0.029672 0.523248 0.130000
v 0.028671 0.525000 0.125615
v 0.030151 0.519020 0.132102
v 0.029672 0.523248 0.130000
v 0.080334 0.525000 0.100736
v 0.084482 0.519020 0.105938
v 0.083138 0.523248 0.104252
v 0.116086 0.525000 0.055904
v 0.122081 0.519020 0.058791
v 0.120138 0.523248 0.057856
v 0.020000 -0.800000 0.000000
v 0.018019 -0.800000 -0.008678
v 0.012470 -0.800000 -0.015637
v 0.004450 -0.800000 -0.019499
v -0.004450 -0.800000 -0.019499
v -0.012470 -0.800000 -0.015637
v -0.018019 -0.800000 -0.008678
v -0.020000 -0.800000 -0.000000
v -0.018019 -0.800000 0.008678
v -0.012470 -0.800000 0.015637
v -0.004450 -0.800000 0.019499
v 0.004450 -0.800000 0.019499
v 0.012470 -0.800000 0.015637
v 0.018019 -0.800000 0.008678
v 0.115322 -0.756000 0.000000
v 0.103902 -0.756000 -0.050036
v 0.071902 -0.756000 -0.090163
v 0.025662 -0.756000 -0.112431
v -0.025662 -0.756000 -0.112431
v -0.071902 -0.756000 -0.090163
v -0.103902 -0.756000 -0.050036
v -0.115322 -0.756000 -0.000000
v -0.103902 -0.756000 0.050036
v -0.071902 -0.756000 0.090163
v -0.025662 -0.756000 0.112431
v 0.025662 -0.756000 0.112431
v 0.071902 -0.756000 0.090163
v 0.103902 -0.756000 0.050036
v 0.164245 -0.712000 0.000000
v 0.147980 -0.712000 -0.071263
v 0.102405 -0.712000 -0.128412
v 0.036548 -0.712000 -0.160127
v -0.036548 -0.712000 -0.160127
v -0.102405 -0.712000 -0.128412
v -0.147980 -0.712000 -0.071263
v -0.164245 -0.712000 -0.000000
v -0.147980 -0.712000 0.071263
v -0.102405 -0.712000 0.128412
v -0.036548 -0.712000 0.160127
v 0.036548 -0.712000 0.160127
v 0.102405 -0.712000 0.128412
v 0.147980 -0.712000 0.071263
v 0.195794 -0.668000 0.000000
v 0.176404 -0.668000 -0.084952
v 0.122076 -0.668000 -0.153078
v 0.043568 -0.668000 -0.190885
v -0.043568 -0.668000 -0.190885
v -0.122076 -0.668000 -0.153078
v -0.176404 -0.668000 -0.084952
v -0.195794 -0.668000 -0.000000
v -0.176404 -0.668000 0.084952
v -0.122076 -0.668000 0.153078
v -0.043568 -0.668000 0.190885
v 0.043568 -0.668000 0.190885
v 0.122076 -0.668000 0.153078
v 0.176404 -0.668000 0.084952
v 0.214011 -0.624000 0.000000
v 0.192817 -0.624000 -0.092856
v 0.133434 -0.624000 -0.167321
v 0.047622 -0.624000 -0.208645
v -0.047622 -0.624000 -0.208645
v -0.133434 -0.624000 -0.167321
v -0.192817 -0.624000 -0.092856
v -0.214011 -0.624000 -0.000000
v -0.192817 -0.624000 0.092856
v -0.133434 -0.624000 0.167321
v -0.047622 -0.624000 0.208645
v 0.047622 -0.624000 0.208645
v 0.133434 -0.624000 0.167321
v 0.192817 -0.624000 0.092856
v 0.220000 -0.580000 0.000000
v 0.198213 -0.580000 -0.095454
v 0.137168 -0.580000 -0.172003
v 0.048955 -0.580000 -0.214484
v -0.048955 -0.580000 -0.214484
v -0.137168 -0.580000 -0.172003
v -0.198213 -0.580000 -0.095454
v -0.220000 -0.580000 -0.000000
v -0.198213 -0.580000 0.095454
v -0.137168 -0.580000 0.172003
v -0.048955 -0.580000 0.214484
v 0.048955 -0.580000 0.214484
v 0.137168 -0.580000 0.172003
v 0.198213 -0.580000 0.095454
v 0.214011 -0.536000 0.000000
v 0.192817 -0.536000 -0.092856
v 0.133434 -0.536000 -0.167321
v 0.047622 -0.536000 -0.208645
v -0.047622 -0.536000 -0.208645
v -0.133434 -0.536000 -0.167321
v -0.192817 -0.536000 -0.092856
v -0.214011 -0.536000 -0.000000
v -0.192817 -0.536000 0.092856
v -0.133434 -0.536000 0.167321
v -0.047622 -0.536000 0.208645
v 0.047622 -0.536000 0.208645
v 0.133434 -0.536000 0.167321
v 0.192817 -0.536000 0.092856
v 0.195794 -0.492000 0.000000
v 0.176404 -0.492000 -0.084952
v 0.122076 -0.492000 -0.153078
v 0.043568 -0.492000 -0.190885
v -0.043568 -0.492000 -0.190885
v -0.122076 -0.492000 -0.153078
v -0.176404 -0.492000 -0.084952
v -0.195794 -0.492000 -0.000000
v -0.176404 -0.492000 0.084952
v -0.122076 -0.492000 0.153078
v -0.043568 -0.492000 0.190885
v 0.043568 -0.492000 0.190885
v 0.122076 -0.492000 0.153078
v 0.176404 -0.492000 0.084952
v 0.164245 -0.448000 0.000000
v 0.147980 -0.448000 -0.071263
v 0.102405 -0.448000 -0.128412
v 0.036548 -0.448000 -0.160127
v -0.036548 -0.448000 -0.160127
v -0.102405 -0.448000 -0.128412
v -0.147980 -0.448000 -0.071263
v -0.164245 -0.448000 -0.000000
v -0.147980 -0.448000 0.071263
v -0.102405 -0.448000 0.128412
v -0.036548 -0.448000 0.160127
v 0.036548 -0.448000 0.160127
v 0.102405 -0.448000 0.128412
v 0.147980 -0.448000 0.071263
v 0.115322 -0.404000 0.000000
v 0.103902 -0.404000 -0.050036
v 0.071902 -0.404000 -0.090163
v 0.025662 -0.404000 -0.112431
v -0.025662 -0.404000 -0.112431
v -0.071902 -0.404000 -0.090163
v -0.103902 -0.404000 -0.050036
v -0.115322 -0.404000 -0.000000
v -0.103902 -0.404000 0.050036
v -0.071902 -0.404000 0.090163
v -0.025662 -0.404000 0.112431
v 0.025662 -0.404000 0.112431
v 0.071902 -0.404000 0.090163
v 0.103902 -0.404000 0.050036
v 0.020000 -0.360000 0.000000
v 0.018019 -0.360000 -0.008678
v 0.012470 -0.360000 -0.015637
v 0.004450 -0.360000 -0.019499
v -0.004450 -0.360000 -0.019499
v -0.012470 -0.360000 -0.015637
v -0.018019 -0.360000 -0.008678
v -0.020000 -0.360000 -0.000000
v -0.018019 -0.360000 0.008678
v -0.012470 -0.360000 0.015637
v -0.004450 -0.360000 0.019499
v 0.004450 -0.360000 0.019499
v 0.012470 -0.360000 0.015637
v 0.018019 -0.360000 0.008678
v 0.093929 0.774380 0.934040
v 0.076800 0.777600 0.950000
v 0.077872 0.790564 0.934291
v 0.088456 0.776619 0.945273
v 0.086503 0.785515 0.943307
v 0.077102 0.788063 0.945451
v 0.089214 0.785786 0.934165
v -0.076800 0.777600 0.950000
v -0.093929 0.774380 0.934040
v -0.077872 0.790564 0.934291
v -0.088444 0.775990 0.945325
v -0.086557 0.785367 0.943224
v -0.089253 0.785733 0.933762
v -0.077336 0.788025 0.945399
v -0.076800 0.622400 0.950000
v -0.077854 0.602231 0.934553
v -0.093929 0.618404 0.934040
v -0.077327 0.609865 0.945476
v -0.086530 0.611312 0.943586
v -0.089140 0.607233 0.935368
v -0.088444 0.620402 0.945325
v 0.076800 0.622400 0.950000
v 0.093929 0.618404 0.934040
v 0.077854 0.602231 0.934553
v 0.088444 0.620402 0.945325
v 0.086530 0.611312 0.943586
v 0.089140 0.607233 0.935368
v 0.077327 0.609865 0.945476
v 0.087961 0.763000 0.791667
v 0.104000 0.746871 0.791667
v 0.099302 0.758276 0.791667
v -0.104000 0.746871 0.791667
v -0.087961 0.763000 0.791667
v -0.099302 0.758276 0.791667
v -0.087961 0.563667 0.791667
v -0.104000 0.579968 0.791667
v -0.099302 0.568441 0.791667
v 0.104000 0.579968 0.791667
v 0.087961 0.563667 0.791667
v 0.099302 0.568441 0.791667
v 0.099161 0.739067 0.633333
v 0.115200 0.722952 0.633333
v 0.110502 0.734347 0.633333
v -0.115200 0.722952 0.633333
v -0.099161 0.739067 0.633333
v -0.110502 0.734347 0.633333
v -0.099161 0.527600 0.633333
v -0.115200 0.543877 0.633333
v -0.110502 0.532367 0.633333
v 0.115200 0.543877 0.633333
v 0.099161 0.527600 0.633333
v 0.110502 0.532367 0.633333
v 0.110361 0.721800 0.475000
v 0.126400 0.705702 0.475000
v 0.121702 0.717085 0.475000
v -0.126400 0.705702 0.475000
v -0.110361 0.721800 0.475000
v -0.121702 0.717085 0.475000
v -0.110361 0.498200 0.475000
v -0.126400 0.514447 0.475000
v -0.121702 0.502959 0.475000
v 0.126400 0.514447 0.475000
v 0.110361 0.498200 0.475000
v 0.121702 0.502959 0.475000
v 0.121560 0.711200 0.316667
v 0.137600 0.695116 0.316667
v 0.132902 0.706489 0.316667
v -0.137600 0.695116 0.316667
v -0.121560 0.711200 0.316667
v -0.132902 0.706489 0.316667
v -0.121561 0.475467 0.316667
v -0.137600 0.491687 0.316667
v -0.132902 0.480218 0.316667
v 0.137600 0.491687 0.316667
v 0.121561 0.475467 0.316667
v 0.132902 0.480218 0.316667
v 0.132760 0.707267 0.158333
v 0.148800 0.691191 0.158333
v 0.144102 0.702558 0.158333
v -0.148800 0.691191 0.158333
v -0.132760 0.707267 0.158333
v -0.144102 0.702558 0.158333
v -0.132761 0.459400 0.158333
v -0.148800 0.475602 0.158333
v -0.144102 0.464145 0.158333
v 0.148800 0.475602 0.158333
v 0.132761 0.459400 0.158333
v 0.144102 0.464145 0.158333
v 0.143960 0.710000 0.000000
v 0.160000 0.693927 0.000000
v 0.155302 0.705292 0.000000
v -0.160000 0.693927 0.000000
v -0.143960 0.710000 0.000000
v -0.155302 0.705292 0.000000
v -0.143961 0.450000 0.000000
v -0.160000 0.466195 0.000000
v -0.155302 0.454744 0.000000
v 0.160000 0.466195 0.000000
v 0.143961 0.450000 0.000000
v 0.155302 0.454744 0.000000
v 0.132760 0.707267 -0.158333
v 0.148800 0.691191 -0.158333
v 0.144102 0.702558 -0.158333
v -0.148800 0.691191 -0.158333
v -0.132760 0.707267 -0.158333
v -0.144102 0.702558 -0.158333
v -0.132761 0.459400 -0.158333
v -0.148800 0.475602 -0.158333
v -0.144102 0.464145 -0.158333
v 0.148800 0.475602 -0.158333
v 0.132761 0.459400 -0.158333
v 0.144102 0.464145 -0.158333
v 0.121560 0.711200 -0.316667
v 0.137600 0.695116 -0.316667
v 0.132902 0.706489 -0.316667
v -0.137600 0.695116 -0.316667
v -0.121560 0.711200 -0.316667
v -0.132902 0.706489 -0.316667
v -0.121561 0.475467 -0.316667
v -0.137600 0.491687 -0.316667
v -0.132902 0.480218 -0.316667
v 0.137600 0.491687 -0.316667
v 0.121561 0.475467 -0.316667
v 0.132902 0.480218 -0.316667
v 0.110361 0.721800 -0.475000
v 0.126400 0.705702 -0.475000
v 0.121702 0.717085 -0.475000
v -0.126400 0.705702 -0.475000
v -0.110361 0.721800 -0.475000
v -0.121702 0.717085 -0.475000
v -0.110361 0.498200 -0.475000
v -0.126400 0.514447 -0.475000
v -0.121702 0.502959 -0.475000
v 0.126400 0.514447 -0.475000
v 0.110361 0.498200 -0.475000
v 0.121702 0.502959 -0.475000
v 0.099161 0.739067 -0.633333
v 0.115200 0.722952 -0.633333
v 0.110502 0.734347 -0.633333
v -0.115200 0.722952 -0.633333
v -0.099161 0.739067 -0.633333
v -0.110502 0.734347 -0.633333
v -0.099161 0.527600 -0.633333
v -0.115200 0.543877 -0.633333
v -0.110502 0.532367 -0.633333
v 0.115200 0.543877 -0.633333
v 0.099161 0.527600 -0.633333
v 0.110502 0.532367 -0.633333
v 0.087961 0.763000 -0.791667
v 0.104000 0.746871 -0.791667
v 0.099302 0.758276 -0.791667
v -0.104000 0.746871 -0.791667
v -0.087961 0.763000 -0.791667
v -0.099302 0.758276 -0.791667
v -0.087961 0.563667 -0.791667
v -0.104000 0.579968 -0.791667
v -0.099302 0.568441 -0.791667
v 0.104000 0.579968 -0.791667
v 0.087961 0.563667 -0.791667
v 0.099302 0.568441 -0.791667
v 0.093929 0.774380 -0.934040
v 0.077872 0.790564 -0.934291
v 0.076800 0.777600 -0.950000
v 0.089253 0.785733 -0.933762
v 0.086557 0.785367 -0.943224
v 0.077336 0.788025 -0.945399
v 0.088444 0.775990 -0.945325
v -0.093929 0.774380 -0.934040
v -0.076800 0.777600 -0.950000
v -0.077872 0.790564 -0.934291
v -0.088456 0.776619 -0.945273
v -0.086503 0.785515 -0.943307
v -0.077102 0.788063 -0.945451
v -0.089214 0.785786 -0.934165
v -0.077854 0.602231 -0.934553
v -0.076800 0.622400 -0.950000
v -0.093929 0.618404 -0.934040
v -0.077327 0.609865 -0.945476
v -0.086530 0.611312 -0.943586
v -0.088444 0.620402 -0.945325
v -0.089140 0.607233 -0.935368
v 0.093929 0.618404 -0.934040
v 0.076800 0.622400 -0.950000
v 0.077854 0.602231 -0.934553
v 0.088444 0.620402 -0.945325
v 0.086530 0.611312 -0.943586
v 0.077327 0.609865 -0.945476
v 0.089140 0.607233 -0.935368
v 0.169200 1.085000 -0.115200
v 0.000000 1.085000 -0.089856
v -0.169200 1.085000 -0.115200
v -0.169200 1.085000 0.115200
v 0.000000 1.085000 0.089856
v 0.169200 1.085000 0.115200
v 0.158400 1.510000 -0.110400
v 0.000000 1.510000 -0.086112
v -0.158400 1.510000 -0.110400
v -0.158400 1.510000 0.110400
v 0.000000 1.510000 0.086112
v 0.158400 1.510000 0.110400
v 0.147600 1.935000 -0.105600
v 0.000000 1.935000 -0.082368
v -0.147600 1.935000 -0.105600
v -0.147600 1.935000 0.105600
v 0.000000 1.935000 0.082368
v 0.147600 1.935000 0.105600
v 0.136800 2.360000 -0.100800
v 0.000000 2.360000 -0.078624
v -0.136800 2.360000 -0.100800
v -0.136800 2.360000 0.100800
v 0.000000 2.360000 0.078624
v 0.136800 2.360000 0.100800
v 0.126000 2.785000 -0.096000
v 0.000000 2.785000 -0.074880
v -0.126000 2.785000 -0.096000
v -0.126000 2.785000 0.096000
v 0.000000 2.785000 0.074880
v 0.126000 2.785000 0.096000
v 0.115200 3.210000 -0.091200
v 0.000000 3.210000 -0.071136
v -0.115200 3.210000 -0.091200
v -0.115200 3.210000 0.091200
v 0.000000 3.210000 0.071136
v 0.115200 3.210000 0.091200
v 0.104400 3.635000 -0.086400
v 0.000000 3.635000 -0.067392
v -0.104400 3.635000 -0.086400
v -0.104400 3.635000 0.086400
v 0.000000 3.635000 0.067392
v 0.104400 3.635000 0.086400
v 0.093600 4.060000 -0.081600
v 0.000000 4.060000 -0.063648
v -0.093600 4.060000 -0.081600
v -0.093600 4.060000 0.081600
v 0.000000 4.060000 0.063648
v 0.093600 4.060000 0.081600
v 0.079176 4.300000 -0.062935
v 0.000000 4.300000 -0.049089
v -0.079176 4.300000 -0.062935
v -0.079176 4.300000 0.062935
v 0.000000 4.300000 0.049089
v 0.079176 4.300000 0.062935
v 0.063810 4.540000 -0.050721
v 0.000000 4.540000 -0.039562
v -0.063810 4.540000 -0.050721
v -0.063810 4.540000 0.050721
v 0.000000 4.540000 0.039562
v 0.063810 4.540000 0.050721
v 0.047078 4.780000 -0.037421
v 0.000000 4.780000 -0.029189
v -0.047078 4.780000 -0.037421
v -0.047078 4.780000 0.037421
v 0.000000 4.780000 0.029189
v 0.047078 4.780000 0.037421
v 0.027993 5.020000 -0.022251
v 0.000000 5.020000 -0.017356
v -0.027993 5.020000 -0.022251
v -0.027993 5.020000 0.022251
v 0.000000 5.020000 0.017356
v 0.027993 5.020000 0.022251
v 0.398396 0.661713 0.000822
v 0.396421 0.660000 0.000000
v 0.398396 0.661713 -0.000822
v 0.397583 0.660502 0.000731
v 0.398475 0.660732 -0.000000
v 0.397583 0.660502 -0.000731
v 0.399018 0.661749 -0.000000
v 0.179682 0.660000 -0.118221
v 0.179956 0.661714 -0.119981
v 0.179894 0.660502 -0.119473
v 0.000000 0.660000 -0.091868
v 0.000000 0.661714 -0.093585
v 0.000000 0.660502 -0.093088
v -0.179682 0.660000 -0.118221
v -0.179956 0.661714 -0.119981
v -0.179894 0.660502 -0.119473
v -0.396421 0.660000 0.000000
v -0.398396 0.661713 0.000822
v -0.398396 0.661713 -0.000822
v -0.397583 0.660502 0.000731
v -0.398475 0.660732 0.000000
v -0.399018 0.661749 0.000000
v -0.397583 0.660502 -0.000731
v -0.179682 0.660000 0.118221
v -0.179956 0.661714 0.119981
v -0.179894 0.660502 0.119473
v -0.000000 0.660000 0.091868
v 0.000000 0.661714 0.093585
v -0.000000 0.660502 0.093088
v 0.179682 0.660000 0.118221
v 0.179956 0.661714 0.119981
v 0.179894 0.660502 0.119473
v 0.374500 1.085000 -0.000836
v 0.374500 1.085000 0.000836
v 0.375121 1.085000 0.000000
v -0.374500 1.085000 0.000836
v -0.374500 1.085000 -0.000836
v -0.375121 1.085000 0.000000
v 0.350508 1.510000 -0.000851
v 0.350508 1.510000 0.000851
v 0.351126 1.510000 0.000000
v -0.350508 1.510000 0.000851
v -0.350508 1.510000 -0.000851
v -0.351126 1.510000 0.000000
v 0.326518 1.935000 -0.000868
v 0.326518 1.935000 0.000868
v 0.327132 1.935000 0.000000
v -0.326518 1.935000 0.000868
v -0.326518 1.935000 -0.000868
v -0.327132 1.935000 0.000000
v 0.302529 2.360000 -0.000887
v 0.302529 2.360000 0.000887
v 0.303138 2.360000 0.000000
v -0.302529 2.360000 0.000887
v -0.302529 2.360000 -0.000887
v -0.303138 2.360000 0.000000
v 0.278541 2.785000 -0.000909
v 0.278541 2.785000 0.000909
v 0.279146 2.785000 0.000000
v -0.278541 2.785000 0.000909
v -0.278541 2.785000 -0.000909
v -0.279146 2.785000 0.000000
v 0.254557 3.210000 -0.000935
v 0.254557 3.210000 0.000935
v 0.255155 3.210000 0.000000
v -0.254557 3.210000 0.000935
v -0.254557 3.210000 -0.000935
v -0.255155 3.210000 0.000000
v 0.230575 3.635000 -0.000965
v 0.230575 3.635000 0.000965
v 0.231165 3.635000 0.000000
v -0.230575 3.635000 0.000965
v -0.230575 3.635000 -0.000965
v -0.231165 3.635000 0.000000
v 0.206598 4.060000 -0.001000
v 0.206598 4.060000 0.001000
v 0.207179 4.060000 0.000000
v -0.206598 4.060000 0.001000
v -0.206598 4.060000 -0.001000
v -0.207179 4.060000 0.000000
v 0.174501 4.300000 -0.000940
v 0.174501 4.300000 0.000940
v 0.175100 4.300000 0.000000
v -0.174501 4.300000 0.000940
v -0.174501 4.300000 -0.000940
v -0.175100 4.300000 0.000000
v 0.140353 4.540000 -0.000941
v 0.140353 4.540000 0.000941
v 0.140952 4.540000 0.000000
v -0.140353 4.540000 0.000941
v -0.140353 4.540000 -0.000941
v -0.140952 4.540000 0.000000
v 0.103170 4.780000 -0.000942
v 0.103170 4.780000 0.000942
v 0.103770 4.780000 0.000000
v -0.103170 4.780000 0.000942
v -0.103170 4.780000 -0.000942
v -0.103770 4.780000 0.000000
v 0.060756 5.020000 -0.000943
v 0.060756 5.020000 0.000943
v 0.061357 5.020000 0.000000
v -0.060756 5.020000 0.000943
v -0.060756 5.020000 -0.000943
v -0.061357 5.020000 0.000000
v 0.003397 5.258311 0.001381
v 0.003397 5.258311 -0.001381
v 0.001875 5.260000 -0.000000
v 0.003793 5.258408 -0.000000
v 0.003331 5.259307 -0.000000
v 0.002867 5.259506 -0.000860
v 0.002867 5.259506 0.000860
v 0.001180 5.260000 -0.000947
v 0.001986 5.258295 -0.003137
v 0.001673 5.259501 -0.002439
v 0.000000 5.260000 -0.000515
v 0.000000 5.258296 -0.002447
v 0.000000 5.259501 -0.001837
v -0.001180 5.260000 -0.000947
v -0.001986 5.258295 -0.003137
v -0.001673 5.259501 -0.002439
v -0.003397 5.258311 0.001381
v -0.001875 5.260000 0.000000
v -0.003397 5.258311 -0.001381
v -0.002867 5.259506 0.000860
v -0.003331 5.259307 0.000000
v -0.002867 5.259506 -0.000860
v -0.003793 5.258408 0.000000
v -0.001180 5.260000 0.000947
v -0.001986 5.258295 0.003137
v -0.001673 5.259501 0.002439
v -0.000000 5.260000 0.000515
v 0.000000 5.258296 0.002447
v -0.000000 5.259501 0.001837
v 0.001180 5.260000 0.000947
v 0.001986 5.258295 0.003137
v 0.001673 5.259501 0.002439
v 0.000000 0.350000 0.000000
v 0.108541 0.432917 0.078859
v -0.041458 0.432917 0.127597
v -0.134164 0.432918 0.000000
v -0.041458 0.432917 -0.127597
v 0.108541 0.432917 -0.078859
v 0.041458 0.567083 0.127597
v -0.108541 0.567083 0.078859
v -0.108541 0.567083 -0.078859
v 0.041458 0.567083 -0.127597
v 0.134164 0.567082 0.000000
v 0.000000 0.650000 0.000000
v -0.034923 0.401372 0.107484
v -0.024368 0.372402 0.074999
v -0.011641 0.354808 0.035828
v 0.030477 0.354808 0.022143
v 0.063798 0.372402 0.046352
v 0.091432 0.401372 0.066428
v 0.079791 0.424655 0.102257
v 0.039430 0.421139 0.121352
v -0.004446 0.424655 0.129628
v 0.121909 0.424655 -0.044286
v 0.127597 0.421140 0.000000
v 0.121909 0.424655 0.044286
v 0.030477 0.354808 -0.022143
v 0.063798 0.372402 -0.046352
v 0.091432 0.401372 -0.066428
v -0.113016 0.401373 0.000000
v -0.078859 0.372402 0.000000
v -0.037672 0.354808 0.000000
v -0.072596 0.424655 0.107485
v -0.103228 0.421140 0.075000
v -0.124658 0.424655 0.035828
v -0.034923 0.401372 -0.107484
v -0.024368 0.372402 -0.074999
v -0.011641 0.354808 -0.035828
v -0.124658 0.424655 -0.035828
v -0.103228 0.421140 -0.075000
v -0.072596 0.424655 -0.107485
v -0.004446 0.424655 -0.129628
v 0.039430 0.421139 -0.121352
v 0.079791 0.424655 -0.102257
v 0.143494 0.537672 0.022143
v 0.142659 0.500000 0.046352
v 0.129105 0.462327 0.066429
v 0.129105 0.462327 -0.066429
v 0.142659 0.500000 -0.046352
v 0.143494 0.537672 -0.022143
v 0.023282 0.537673 0.143313
v 0.000000 0.500000 0.150000
v -0.023282 0.462327 0.143313
v 0.103074 0.462327 0.102257
v 0.088168 0.500000 0.121353
v 0.065401 0.537673 0.129628
v -0.129105 0.537673 0.066429
v -0.142659 0.500000 0.046352
v -0.143494 0.462328 0.022143
v -0.065401 0.462327 0.129628
v -0.088168 0.500000 0.121353
v -0.103074 0.537673 0.102257
v -0.103074 0.537673 -0.102257
v -0.088168 0.500000 -0.121353
v -0.065401 0.462327 -0.129628
v -0.143494 0.462328 -0.022143
v -0.142659 0.500000 -0.046352
v -0.129105 0.537673 -0.066429
v 0.065401 0.537673 -0.129628
v 0.088168 0.500000 -0.121353
v 0.103074 0.462327 -0.102257
v -0.023282 0.462327 -0.143313
v 0.000000 0.500000 -0.150000
v 0.023282 0.537673 -0.143313
v 0.124658 0.575345 0.035828
v 0.103228 0.578860 0.075000
v 0.072596 0.575345 0.107485
v 0.004446 0.575345 0.129628
v -0.039430 0.578861 0.121352
v -0.079791 0.575345 0.102257
v -0.121909 0.575345 0.044286
v -0.127597 0.578860 -0.000000
v -0.121909 0.575345 -0.044286
v -0.079791 0.575345 -0.102257
v -0.039430 0.578861 -0.121352
v 0.004446 0.575345 -0.129628
v 0.072596 0.575345 -0.107485
v 0.103228 0.578860 -0.075000
v 0.124658 0.575345 -0.035828
v 0.011641 0.645192 0.035828
v 0.024368 0.627598 0.074999
v 0.034923 0.598628 0.107484
v 0.113016 0.598627 0.000000
v 0.078859 0.627598 0.000000
v 0.037672 0.645192 0.000000
v -0.030477 0.645192 0.022143
v -0.063798 0.627598 0.046352
v -0.091432 0.598628 0.066428
v -0.030477 0.645192 -0.022143
v -0.063798 0.627598 -0.046352
v -0.091432 0.598628 -0.066428
v 0.011641 0.645192 -0.035828
v 0.024368 0.627598 -0.074999
v 0.034923 0.598628 -0.107484
v 0.054270 0.634164 -0.039429
v 0.095729 0.608541 -0.039430
v 0.067081 0.608542 -0.078859
v -0.020730 0.634165 -0.063798
v -0.007918 0.608542 -0.103228
v -0.054271 0.608542 -0.088167
v -0.067081 0.634164 0.000000
v -0.100623 0.608542 -0.024369
v -0.100623 0.608542 0.024369
v -0.020730 0.634165 0.063798
v -0.054271 0.608542 0.088167
v -0.007918 0.608542 0.103228
v 0.054270 0.634164 0.039429
v 0.067081 0.608542 0.078859
v 0.095729 0.608541 0.039430
v 0.129271 0.541459 -0.063798
v 0.121353 0.500000 -0.088167
v 0.100623 0.541460 -0.103228
v -0.020730 0.541460 -0.142658
v -0.046352 0.500000 -0.142659
v -0.067082 0.541460 -0.127597
v -0.142082 0.541459 -0.024369
v -0.150000 0.500000 0.000000
v -0.142082 0.541460 0.024369
v -0.067082 0.541460 0.127597
v -0.046353 0.500000 0.142658
v -0.020730 0.541460 0.142658
v 0.100623 0.541459 0.103228
v 0.121353 0.500000 0.088167
v 0.129271 0.541459 0.063798
v 0.046353 0.500000 -0.142658
v 0.067082 0.458540 -0.127597
v 0.020730 0.458540 -0.142658
v -0.121353 0.500000 -0.088167
v -0.100623 0.458540 -0.103229
v -0.129270 0.458541 -0.063799
v -0.121353 0.500000 0.088167
v -0.129270 0.458541 0.063799
v -0.100623 0.458540 0.103229
v 0.046353 0.500000 0.142658
v 0.020730 0.458540 0.142658
v 0.067082 0.458540 0.127597
v 0.150000 0.500000 0.000000
v 0.142082 0.458541 0.024369
v 0.142082 0.458541 -0.024369
v 0.054271 0.391458 -0.088167
v 0.020730 0.365836 -0.063798
v 0.007918 0.391458 -0.103228
v -0.067082 0.391458 -0.078859
v -0.054270 0.365836 -0.039429
v -0.095729 0.391459 -0.039429
v -0.095729 0.391459 0.039430
v -0.054270 0.365836 0.039430
v -0.067082 0.391458 0.078859
v 0.100623 0.391458 -0.024369
v 0.100623 0.391459 0.024369
v 0.067082 0.365836 0.000000
v 0.007919 0.391458 0.103228
v 0.020730 0.365836 0.063798
v 0.054271 0.391458 0.088167
v -0.028800 0.635000 0.653600
v -0.028800 0.637600 0.655000
v -0.030000 0.637600 0.653600
v -0.028800 0.635761 0.654590
v -0.029493 0.636099 0.654408
v -0.029649 0.637600 0.654590
v -0.029649 0.635761 0.653600
v -0.028800 0.762400 0.655000
v -0.028800 0.765000 0.653600
v -0.030000 0.762400 0.653600
v -0.028800 0.764238 0.654590
v -0.029493 0.763901 0.654408
v -0.029649 0.764238 0.653600
v -0.029649 0.762400 0.654590
v -0.028800 0.635000 0.586400
v -0.030000 0.637600 0.586400
v -0.028800 0.637600 0.585000
v -0.029649 0.635761 0.586400
v -0.029493 0.636099 0.585592
v -0.029649 0.637600 0.585410
v -0.028800 0.635761 0.585410
v -0.028800 0.765000 0.586400
v -0.028800 0.762400 0.585000
v -0.030000 0.762400 0.586400
v -0.028800 0.764238 0.585410
v -0.029493 0.763901 0.585592
v -0.029649 0.762400 0.585410
v -0.029649 0.764238 0.586400
v 0.028800 0.635000 0.653600
v 0.030000 0.637600 0.653600
v 0.028800 0.637600 0.655000
v 0.029649 0.635761 0.653600
v 0.029493 0.636099 0.654408
v 0.029649 0.637600 0.654590
v 0.028800 0.635761 0.654590
v 0.028800 0.765000 0.653600
v 0.028800 0.762400 0.655000
v 0.030000 0.762400 0.653600
v 0.028800 0.764238 0.654590
v 0.029493 0.763901 0.654408
v 0.029649 0.762400 0.654590
v 0.029649 0.764238 0.653600
v 0.028800 0.635000 0.586400
v 0.028800 0.637600 0.585000
v 0.030000 0.637600 0.586400
v 0.028800 0.635761 0.585410
v 0.029493 0.636099 0.585592
v 0.029649 0.637600 0.585410
v 0.029649 0.635761 0.586400
v 0.028800 0.765000 0.586400
v 0.030000 0.762400 0.586400
v 0.028800 0.762400 0.585000
v 0.029649 0.764238 0.586400
v 0.029493 0.763901 0.585592
v 0.029649 0.762400 0.585410
v 0.028800 0.764238 0.585410
v -0.028800 0.635000 0.243600
v -0.028800 0.637600 0.245000
v -0.030000 0.637600 0.243600
v -0.028800 0.635761 0.244590
v -0.029493 0.636099 0.244408
v -0.029649 0.637600 0.244590
v -0.029649 0.635761 0.243600
v -0.028800 0.762400 0.245000
v -0.028800 0.765000 0.243600
v -0.030000 0.762400 0.243600
v -0.028800 0.764238 0.244590
v -0.029493 0.763901 0.244408
v -0.029649 0.764238 0.243600
v -0.029649 0.762400 0.244590
v -0.028800 0.635000 0.176400
v -0.030000 0.637600 0.176400
v -0.028800 0.637600 0.175000
v -0.029649 0.635761 0.176400
v -0.029493 0.636099 0.175592
v -0.029649 0.637600 0.175410
v -0.028800 0.635761 0.175410
v -0.028800 0.765000 0.176400
v -0.028800 0.762400 0.175000
v -0.030000 0.762400 0.176400
v -0.028800 0.764238 0.175410
v -0.029493 0.763901 0.175592
v -0.029649 0.762400 0.175410
v -0.029649 0.764238 0.176400
v 0.028800 0.635000 0.243600
v 0.030000 0.637600 0.243600
v 0.028800 0.637600 0.245000
v 0.029649 0.635761 0.243600
v 0.029493 0.636099 0.244408
v 0.029649 0.637600 0.244590
v 0.028800 0.635761 0.244590
v 0.028800 0.765000 0.243600
v 0.028800 0.762400 0.245000
v 0.030000 0.762400 0.243600
v 0.028800 0.764238 0.244590
v 0.029493 0.763901 0.244408
v 0.029649 0.762400 0.244590
v 0.029649 0.764238 0.243600
v 0.028800 0.635000 0.176400
v 0.028800 0.637600 0.175000
v 0.030000 0.637600 0.176400
v 0.028800 0.635761 0.175410
v 0.029493 0.636099 0.175592
v 0.029649 0.637600 0.175410
v 0.029649 0.635761 0.176400
v 0.028800 0.765000 0.176400
v 0.030000 0.762400 0.176400
v 0.028800 0.762400 0.175000
v 0.029649 0.764238 0.176400
v 0.029493 0.763901 0.175592
v 0.029649 0.762400 0.175410
v 0.028800 0.764238 0.175410
v -0.028800 0.635000 -0.176400
v -0.028800 0.637600 -0.175000
v -0.030000 0.637600 -0.176400
v -0.028800 0.635761 -0.175410
v -0.029493 0.636099 -0.175592
v -0.029649 0.637600 -0.175410
v -0.029649 0.635761 -0.176400
v -0.028800 0.762400 -0.175000
v -0.028800 0.765000 -0.176400
v -0.030000 0.762400 -0.176400
v -0.028800 0.764238 -0.175410
v -0.029493 0.763901 -0.175592
v -0.029649 0.764238 -0.176400
v -0.029649 0.762400 -0.175410
v -0.028800 0.635000 -0.243600
v -0.030000 0.637600 -0.243600
v -0.028800 0.637600 -0.245000
v -0.029649 0.635761 -0.243600
v -0.029493 0.636099 -0.244408
v -0.029649 0.637600 -0.244590
v -0.028800 0.635761 -0.244590
v -0.028800 0.765000 -0.243600
v -0.028800 0.762400 -0.245000
v -0.030000 0.762400 -0.243600
v -0.028800 0.764238 -0.244590
v -0.029493 0.763901 -0.244408
v -0.029649 0.762400 -0.244590
v -0.029649 0.764238 -0.243600
v 0.028800 0.635000 -0.176400
v 0.030000 0.637600 -0.176400
v 0.028800 0.637600 -0.175000
v 0.029649 0.635761 -0.176400
v 0.029493 0.636099 -0.175592
v 0.029649 0.637600 -0.175410
v 0.028800 0.635761 -0.175410
v 0.028800 0.765000 -0.176400
v 0.028800 0.762400 -0.175000
v 0.030000 0.762400 -0.176400
v 0.028800 0.764238 -0.175410
v 0.029493 0.763901 -0.175592
v 0.029649 0.762400 -0.175410
v 0.029649 0.764238 -0.176400
v 0.028800 0.635000 -0.243600
v 0.028800 0.637600 -0.245000
v 0.030000 0.637600 -0.243600
v 0.028800 0.635761 -0.244590
v 0.029493 0.636099 -0.244408
v 0.029649 0.637600 -0.244590
v 0.029649 0.635761 -0.243600
v 0.028800 0.765000 -0.243600
v 0.030000 0.762400 -0.243600
v 0.028800 0.762400 -0.245000
v 0.029649 0.764238 -0.243600
v 0.029493 0.763901 -0.244408
v 0.029649 0.762400 -0.244590
v 0.028800 0.764238 -0.244590
v -0.028800 0.635000 -0.586400
v -0.028800 0.637600 -0.585000
v -0.030000 0.637600 -0.586400
v -0.028800 0.635761 -0.585410
v -0.029493 0.636099 -0.585592
v -0.029649 0.637600 -0.585410
v -0.029649 0.635761 -0.586400
v -0.028800 0.762400 -0.585000
v -0.028800 0.765000 -0.586400
v -0.030000 0.762400 -0.586400
v -0.028800 0.764238 -0.585410
v -0.029493 0.763901 -0.585592
v -0.029649 0.764238 -0.586400
v -0.029649 0.762400 -0.585410
v -0.028800 0.635000 -0.653600
v -0.030000 0.637600 -0.653600
v -0.028800 0.637600 -0.655000
v -0.029649 0.635761 -0.653600
v -0.029493 0.636099 -0.654408
v -0.029649 0.637600 -0.654590
v -0.028800 0.635761 -0.654590
v -0.028800 0.765000 -0.653600
v -0.028800 0.762400 -0.655000
v -0.030000 0.762400 -0.653600
v -0.028800 0.764238 -0.654590
v -0.029493 0.763901 -0.654408
v -0.029649 0.762400 -0.654590
v -0.029649 0.764238 -0.653600
v 0.028800 0.635000 -0.586400
v 0.030000 0.637600 -0.586400
v 0.028800 0.637600 -0.585000
v 0.029649 0.635761 -0.586400
v 0.029493 0.636099 -0.585592
v 0.029649 0.637600 -0.585410
v 0.028800 0.635761 -0.585410
v 0.028800 0.765000 -0.586400
v 0.028800 0.762400 -0.585000
v 0.030000 0.762400 -0.586400
v 0.028800 0.764238 -0.585410
v 0.029493 0.763901 -0.585592
v 0.029649 0.762400 -0.585410
v 0.029649 0.764238 -0.586400
v 0.028800 0.635000 -0.653600
v 0.028800 0.637600 -0.655000
v 0.030000 0.637600 -0.653600
v 0.028800 0.635761 -0.654590
v 0.029493 0.636099 -0.654408
v 0.029649 0.637600 -0.654590
v 0.029649 0.635761 -0.653600
v 0.028800 0.765000 -0.653600
v 0.030000 0.762400 -0.653600
v 0.028800 0.762400 -0.655000
v 0.029649 0.764238 -0.653600
v 0.029493 0.763901 -0.654408
v 0.029649 0.762400 -0.654590
v 0.028800 0.764238 -0.654590
vn 0.9987 0.0514 -0.0000
vn 0.8998 0.0514 -0.4333
vn 0.9009 -0.0159 -0.4338
vn 0.9999 -0.0159 -0.0000
vn 0.6227 0.0514 -0.7808
vn 0.6234 -0.0159 -0.7817
vn 0.2222 0.0514 -0.9736
vn 0.2225 -0.0159 -0.9748
vn -0.2222 0.0514 -0.9736
vn -0.2225 -0.0159 -0.9748
vn -0.6227 0.0514 -0.7808
vn -0.6234 -0.0159 -0.7817
vn -0.8998 0.0514 -0.4333
vn -0.9009 -0.0159 -0.4338
vn -0.9987 0.0514 -0.0000
vn -0.9999 -0.0159 -0.0000
vn -0.8998 0.0514 0.4333
vn -0.9009 -0.0159 0.4338
vn -0.6227 0.0514 0.7808
vn -0.6234 -0.0159 0.7817
vn -0.2222 0.0514 0.9736
vn -0.2225 -0.0159 0.9748
vn 0.2222 0.0514 0.9736
vn 0.2225 -0.0159 0.9748
vn 0.6227 0.0514 0.7808
vn 0.6234 -0.0159 0.7817
vn 0.8998 0.0514 0.4333
vn 0.9009 -0.0159 0.4338
vn 0.9008 -0.0181 -0.4338
vn 0.9998 -0.0181 -0.0000
vn 0.6234 -0.0181 -0.7817
vn 0.2225 -0.0181 -0.9748
vn -0.2225 -0.0181 -0.9748
vn -0.6234 -0.0181 -0.7817
vn -0.9008 -0.0181 -0.4338
vn -0.9998 -0.0181 -0.0000
vn -0.9008 -0.0181 0.4338
vn -0.6234 -0.0181 0.7817
vn -0.2225 -0.0181 0.9748
vn 0.2225 -0.0181 0.9748
vn 0.6234 -0.0181 0.7817
vn 0.9008 -0.0181 0.4338
vn 0.8962 0.1032 -0.4316
vn 0.9947 0.1032 -0.0000
vn 0.6202 0.1032 -0.7777
vn 0.2213 0.1032 -0.9697
vn -0.2213 0.1032 -0.9697
vn -0.6202 0.1032 -0.7777
vn -0.8962 0.1032 -0.4316
vn -0.9947 0.1032 -0.0000
vn -0.8962 0.1032 0.4316
vn -0.6202 0.1032 0.7777
vn -0.2213 0.1032 0.9697
vn 0.2213 0.1032 0.9697
vn 0.6202 0.1032 0.7777
vn 0.8962 0.1032 0.4316
vn 0.8967 0.0972 -0.4318
vn 0.9953 0.0972 -0.0000
vn 0.6205 0.0972 -0.7781
vn 0.2215 0.0972 -0.9703
vn -0.2215 0.0972 -0.9703
vn -0.6205 0.0972 -0.7781
vn -0.8967 0.0972 -0.4318
vn -0.9953 0.0972 -0.0000
vn -0.8967 0.0972 0.4318
vn -0.6205 0.0972 0.7781
vn -0.2215 0.0972 0.9703
vn 0.2215 0.0972 0.9703
vn 0.6205 0.0972 0.7781
vn 0.8967 0.0972 0.4318
vn 0.9004 -0.0350 -0.4336
vn 0.9994 -0.0350 -0.0000
vn 0.6231 -0.0350 -0.7814
vn 0.2224 -0.0350 -0.9743
vn -0.2224 -0.0350 -0.9743
vn -0.6231 -0.0350 -0.7814
vn -0.9004 -0.0350 -0.4336
vn -0.9994 -0.0350 -0.0000
vn -0.9004 -0.0350 0.4336
vn -0.6231 -0.0350 0.7814
vn -0.2224 -0.0350 0.9743
vn 0.2224 -0.0350 0.9743
vn 0.6231 -0.0350 0.7814
vn 0.9004 -0.0350 0.4336
vn 0.9002 -0.0422 -0.4335
vn 0.9991 -0.0422 -0.0000
vn 0.6229 -0.0422 -0.7811
vn 0.2223 -0.0422 -0.9741
vn -0.2223 -0.0422 -0.9741
vn -0.6229 -0.0422 -0.7811
vn -0.9002 -0.0422 -0.4335
vn -0.9991 -0.0422 -0.0000
vn -0.9002 -0.0422 0.4335
vn -0.6229 -0.0422 0.7811
vn -0.2223 -0.0422 0.9741
vn 0.2223 -0.0422 0.9741
vn 0.6229 -0.0422 0.7811
vn 0.9002 -0.0422 0.4335
vn 0.8988 0.0691 -0.4328
vn 0.9976 0.0691 -0.0000
vn 0.6220 0.0691 -0.7800
vn 0.2220 0.0691 -0.9726
vn -0.2220 0.0691 -0.9726
vn -0.6220 0.0691 -0.7800
vn -0.8988 0.0691 -0.4328
vn -0.9976 0.0691 -0.0000
vn -0.8988 0.0691 0.4328
vn -0.6220 0.0691 0.7800
vn -0.2220 0.0691 0.9726
vn 0.2220 0.0691 0.9726
vn 0.6220 0.0691 0.7800
vn 0.8988 0.0691 0.4328
vn 0.8993 0.0607 -0.4331
vn 0.9982 0.0607 -0.0000
vn 0.6223 0.0607 -0.7804
vn 0.2221 0.0607 -0.9731
vn -0.2221 0.0607 -0.9731
vn -0.6223 0.0607 -0.7804
vn -0.8993 0.0607 -0.4331
vn -0.9982 0.0607 -0.0000
vn -0.8993 0.0607 0.4331
vn -0.6223 0.0607 0.7804
vn -0.2221 0.0607 0.9731
vn 0.2221 0.0607 0.9731
vn 0.6223 0.0607 0.7804
vn 0.8993 0.0607 0.4331
vn 0.9009 -0.0091 -0.4339
vn 1.0000 -0.0091 -0.0000
vn 0.6235 -0.0091 -0.7818
vn 0.2225 -0.0091 -0.9749
vn -0.2225 -0.0091 -0.9749
vn -0.6235 -0.0091 -0.7818
vn -0.9009 -0.0091 -0.4339
vn -1.0000 -0.0091 -0.0000
vn -0.9009 -0.0091 0.4339
vn -0.6235 -0.0091 0.7818
vn -0.2225 -0.0091 0.9749
vn 0.2225 -0.0091 0.9749
vn 0.6235 -0.0091 0.7818
vn 0.9009 -0.0091 0.4339
vn 0.8981 -0.0796 -0.4325
vn 0.9968 -0.0796 -0.0000
vn 0.6215 -0.0796 -0.7793
vn 0.2218 -0.0796 -0.9718
vn -0.2218 -0.0796 -0.9718
vn -0.6215 -0.0796 -0.7793
vn -0.8981 -0.0796 -0.4325
vn -0.9968 -0.0796 -0.0000
vn -0.8981 -0.0796 0.4325
vn -0.6215 -0.0796 0.7793
vn -0.2218 -0.0796 0.9718
vn 0.2218 -0.0796 0.9718
vn 0.6215 -0.0796 0.7793
vn 0.8981 -0.0796 0.4325
vn 0.8975 -0.0873 -0.4322
vn 0.9962 -0.0873 -0.0000
vn 0.6211 -0.0873 -0.7788
vn 0.2217 -0.0873 -0.9712
vn -0.2217 -0.0873 -0.9712
vn -0.6211 -0.0873 -0.7788
vn -0.8975 -0.0873 -0.4322
vn -0.9962 -0.0873 -0.0000
vn -0.8975 -0.0873 0.4322
vn -0.6211 -0.0873 0.7788
vn -0.2217 -0.0873 0.9712
vn 0.2217 -0.0873 0.9712
vn 0.6211 -0.0873 0.7788
vn 0.8975 -0.0873 0.4322
vn 0.9006 0.0277 -0.4337
vn 0.9996 0.0277 -0.0000
vn 0.6233 0.0277 -0.7815
vn 0.2224 0.0277 -0.9746
vn -0.2224 0.0277 -0.9746
vn -0.6233 0.0277 -0.7815
vn -0.9006 0.0277 -0.4337
vn -0.9996 0.0277 -0.0000
vn -0.9006 0.0277 0.4337
vn -0.6233 0.0277 0.7815
vn -0.2224 0.0277 0.9746
vn 0.2224 0.0277 0.9746
vn 0.6233 0.0277 0.7815
vn 0.9006 0.0277 0.4337
vn 0.9007 0.0226 -0.4338
vn 0.9997 0.0226 -0.0000
vn 0.6233 0.0226 -0.7816
vn 0.2225 0.0226 -0.9747
vn -0.2225 0.0226 -0.9747
vn -0.6233 0.0226 -0.7816
vn -0.9007 0.0226 -0.4338
vn -0.9997 0.0226 -0.0000
vn -0.9007 0.0226 0.4338
vn -0.6233 0.0226 0.7816
vn -0.2225 0.0226 0.9747
vn 0.2225 0.0226 0.9747
vn 0.6233 0.0226 0.7816
vn 0.9007 0.0226 0.4338
vn 0.8954 -0.1115 -0.4312
vn 0.9938 -0.1115 -0.0000
vn 0.6196 -0.1115 -0.7770
vn 0.2211 -0.1115 -0.9689
vn -0.2211 -0.1115 -0.9689
vn -0.6196 -0.1115 -0.7770
vn -0.8954 -0.1115 -0.4312
vn -0.9938 -0.1115 -0.0000
vn -0.8954 -0.1115 0.4312
vn -0.6196 -0.1115 0.7770
vn -0.2211 -0.1115 0.9689
vn 0.2211 -0.1115 0.9689
vn 0.6196 -0.1115 0.7770
vn 0.8954 -0.1115 0.4312
vn 0.8950 -0.1147 -0.4310
vn 0.9934 -0.1147 -0.0000
vn 0.6194 -0.1147 -0.7767
vn 0.2211 -0.1147 -0.9685
vn -0.2211 -0.1147 -0.9685
vn -0.6194 -0.1147 -0.7767
vn -0.8950 -0.1147 -0.4310
vn -0.9934 -0.1147 -0.0000
vn -0.8950 -0.1147 0.4310
vn -0.6194 -0.1147 0.7767
vn -0.2211 -0.1147 0.9685
vn 0.2211 -0.1147 0.9685
vn 0.6194 -0.1147 0.7767
vn 0.8950 -0.1147 0.4310
vn 0.9009 0.0147 -0.4338
vn 0.9999 0.0147 -0.0000
vn 0.6234 0.0147 -0.7817
vn 0.2225 0.0147 -0.9748
vn -0.2225 0.0147 -0.9748
vn -0.6234 0.0147 -0.7817
vn -0.9009 0.0147 -0.4338
vn -0.9999 0.0147 -0.0000
vn -0.9009 0.0147 0.4338
vn -0.6234 0.0147 0.7817
vn -0.2225 0.0147 0.9748
vn 0.2225 0.0147 0.9748
vn 0.6234 0.0147 0.7817
vn 0.9009 0.0147 0.4338
vn 0.2205 -0.9754 -0.0000
vn 0.1987 -0.9754 -0.0957
vn 0.3432 -0.9246 -0.1653
vn 0.3809 -0.9246 -0.0000
vn 0.9369 -0.3496 -0.0000
vn 0.8441 -0.3496 -0.4065
vn 0.8911 -0.1477 -0.4291
vn 0.9890 -0.1477 -0.0000
vn 0.1375 -0.9754 -0.1724
vn 0.2375 -0.9246 -0.2978
vn 0.5841 -0.3496 -0.7325
vn 0.6166 -0.1477 -0.7733
vn 0.0491 -0.9754 -0.2150
vn 0.0848 -0.9246 -0.3714
vn 0.2085 -0.3496 -0.9134
vn 0.2201 -0.1477 -0.9642
vn -0.0491 -0.9754 -0.2150
vn -0.0848 -0.9246 -0.3714
vn -0.2085 -0.3496 -0.9134
vn -0.2201 -0.1477 -0.9642
vn -0.1375 -0.9754 -0.1724
vn -0.2375 -0.9246 -0.2978
vn -0.5841 -0.3496 -0.7325
vn -0.6166 -0.1477 -0.7733
vn -0.1987 -0.9754 -0.0957
vn -0.3432 -0.9246 -0.1653
vn -0.8441 -0.3496 -0.4065
vn -0.8911 -0.1477 -0.4291
vn -0.2205 -0.9754 -0.0000
vn -0.3809 -0.9246 -0.0000
vn -0.9369 -0.3496 -0.0000
vn -0.9890 -0.1477 -0.0000
vn -0.1987 -0.9754 0.0957
vn -0.3432 -0.9246 0.1653
vn -0.8441 -0.3496 0.4065
vn -0.8911 -0.1477 0.4291
vn -0.1375 -0.9754 0.1724
vn -0.2375 -0.9246 0.2978
vn -0.5841 -0.3496 0.7325
vn -0.6166 -0.1477 0.7733
vn -0.0491 -0.9754 0.2150
vn -0.0848 -0.9246 0.3714
vn -0.2085 -0.3496 0.9134
vn -0.2201 -0.1477 0.9642
vn 0.0491 -0.9754 0.2150
vn 0.0848 -0.9246 0.3714
vn 0.2085 -0.3496 0.9134
vn 0.2201 -0.1477 0.9642
vn 0.1375 -0.9754 0.1724
vn 0.2375 -0.9246 0.2978
vn 0.5841 -0.3496 0.7325
vn 0.6166 -0.1477 0.7733
vn 0.1987 -0.9754 0.0957
vn 0.3432 -0.9246 0.1653
vn 0.8441 -0.3496 0.4065
vn 0.8911 -0.1477 0.4291
vn 0.9637 0.2669 -0.0000
vn 0.8683 0.2669 -0.4181
vn 0.8027 0.4541 -0.3866
vn 0.8909 0.4541 -0.0000
vn 0.3629 0.9318 -0.0000
vn 0.3269 0.9318 -0.1574
vn 0.1890 0.9777 -0.0910
vn 0.2098 0.9777 -0.0000
vn 0.6009 0.2669 -0.7535
vn 0.5555 0.4542 -0.6966
vn 0.2262 0.9318 -0.2837
vn 0.1308 0.9777 -0.1640
vn 0.2145 0.2669 -0.9396
vn 0.1982 0.4542 -0.8686
vn 0.0807 0.9318 -0.3538
vn 0.0467 0.9777 -0.2046
vn -0.2145 0.2669 -0.9396
vn -0.1983 0.4542 -0.8686
vn -0.0807 0.9318 -0.3538
vn -0.0467 0.9777 -0.2046
vn -0.6009 0.2669 -0.7535
vn -0.5555 0.4541 -0.6966
vn -0.2262 0.9318 -0.2837
vn -0.1308 0.9777 -0.1640
vn -0.8683 0.2669 -0.4181
vn -0.8027 0.4541 -0.3866
vn -0.3269 0.9318 -0.1574
vn -0.1890 0.9777 -0.0910
vn -0.9637 0.2669 -0.0000
vn -0.8909 0.4541 -0.0000
vn -0.3629 0.9318 -0.0000
vn -0.2098 0.9777 -0.0000
vn -0.8683 0.2669 0.4181
vn -0.8027 0.4541 0.3866
vn -0.3269 0.9318 0.1574
vn -0.1890 0.9777 0.0910
vn -0.6009 0.2669 0.7535
vn -0.5555 0.4542 0.6966
vn -0.2262 0.9318 0.2837
vn -0.1308 0.9777 0.1640
vn -0.2145 0.2669 0.9396
vn -0.1982 0.4542 0.8686
vn -0.0807 0.9318 0.3538
vn -0.0467 0.9777 0.2046
vn 0.2145 0.2669 0.9396
vn 0.1983 0.4542 0.8686
vn 0.0807 0.9318 0.3538
vn 0.0467 0.9777 0.2046
vn 0.6009 0.2669 0.7535
vn 0.5555 0.4541 0.6966
vn 0.2262 0.9318 0.2837
vn 0.1308 0.9777 0.1640
vn 0.8683 0.2669 0.4181
vn 0.8027 0.4541 0.3866
vn 0.3269 0.9318 0.1574
vn 0.1890 0.9777 0.0910
vn 0.2434 -0.9699 -0.0000
vn 0.2193 -0.9699 -0.1056
vn 0.5087 -0.8254 -0.2450
vn 0.5646 -0.8254 -0.0000
vn 0.1517 -0.9699 -0.1903
vn 0.3520 -0.8254 -0.4414
vn 0.0542 -0.9699 -0.2373
vn 0.1256 -0.8254 -0.5504
vn -0.0542 -0.9699 -0.2373
vn -0.1256 -0.8254 -0.5504
vn -0.1517 -0.9699 -0.1903
vn -0.3520 -0.8254 -0.4414
vn -0.2193 -0.9699 -0.1056
vn -0.5087 -0.8254 -0.2450
vn -0.2434 -0.9699 -0.0000
vn -0.5646 -0.8254 -0.0000
vn -0.2193 -0.9699 0.1056
vn -0.5087 -0.8254 0.2450
vn -0.1517 -0.9699 0.1903
vn -0.3520 -0.8254 0.4414
vn -0.0542 -0.9699 0.2373
vn -0.1256 -0.8254 0.5504
vn 0.0542 -0.9699 0.2373
vn 0.1256 -0.8254 0.5504
vn 0.1517 -0.9699 0.1903
vn 0.3520 -0.8254 0.4414
vn 0.2193 -0.9699 0.1056
vn 0.5087 -0.8254 0.2450
vn 0.6773 -0.6595 -0.3262
vn 0.7517 -0.6595 -0.0000
vn 0.4687 -0.6595 -0.5877
vn 0.1673 -0.6595 -0.7329
vn -0.1673 -0.6595 -0.7329
vn -0.4687 -0.6595 -0.5877
vn -0.6773 -0.6595 -0.3262
vn -0.7517 -0.6595 -0.0000
vn -0.6773 -0.6595 0.3262
vn -0.4687 -0.6595 0.5877
vn -0.1673 -0.6595 0.7329
vn 0.1673 -0.6595 0.7329
vn 0.4687 -0.6595 0.5877
vn 0.6773 -0.6595 0.3262
vn 0.7909 -0.4790 -0.3809
vn 0.8778 -0.4790 -0.0000
vn 0.5473 -0.4790 -0.6863
vn 0.1953 -0.4790 -0.8558
vn -0.1953 -0.4790 -0.8558
vn -0.5473 -0.4790 -0.6863
vn -0.7909 -0.4790 -0.3809
vn -0.8778 -0.4790 -0.0000
vn -0.7909 -0.4790 0.3809
vn -0.5473 -0.4790 0.6863
vn -0.1953 -0.4790 0.8558
vn 0.1953 -0.4790 0.8558
vn 0.5473 -0.4790 0.6863
vn 0.7909 -0.4790 0.3809
vn 0.8709 -0.2564 -0.4194
vn 0.9666 -0.2564 -0.0000
vn 0.6026 -0.2564 -0.7557
vn 0.2151 -0.2564 -0.9423
vn -0.2151 -0.2564 -0.9423
vn -0.6026 -0.2564 -0.7557
vn -0.8709 -0.2564 -0.4194
vn -0.9666 -0.2564 -0.0000
vn -0.8709 -0.2564 0.4194
vn -0.6026 -0.2564 0.7557
vn -0.2151 -0.2564 0.9423
vn 0.2151 -0.2564 0.9423
vn 0.6026 -0.2564 0.7557
vn 0.8709 -0.2564 0.4194
vn 0.9010 -0.0000 -0.4339
vn 1.0000 -0.0000 -0.0000
vn 0.6235 -0.0000 -0.7818
vn 0.2225 -0.0000 -0.9749
vn -0.2225 -0.0000 -0.9749
vn -0.6235 -0.0000 -0.7818
vn -0.9010 -0.0000 -0.4339
vn -1.0000 -0.0000 -0.0000
vn -0.9010 -0.0000 0.4339
vn -0.6235 -0.0000 0.7818
vn -0.2225 -0.0000 0.9749
vn 0.2225 -0.0000 0.9749
vn 0.6235 -0.0000 0.7818
vn 0.9010 -0.0000 0.4339
vn 0.8709 0.2564 -0.4194
vn 0.9666 0.2564 -0.0000
vn 0.6026 0.2564 -0.7557
vn 0.2151 0.2564 -0.9423
vn -0.2151 0.2564 -0.9423
vn -0.6026 0.2564 -0.7557
vn -0.8709 0.2564 -0.4194
vn -0.9666 0.2564 -0.0000
vn -0.8709 0.2564 0.4194
vn -0.6026 0.2564 0.7557
vn -0.2151 0.2564 0.9423
vn 0.2151 0.2564 0.9423
vn 0.6026 0.2564 0.7557
vn 0.8709 0.2564 0.4194
vn 0.7909 0.4790 -0.3809
vn 0.8778 0.4790 -0.0000
vn 0.5473 0.4790 -0.6863
vn 0.1953 0.4790 -0.8558
vn -0.1953 0.4790 -0.8558
vn -0.5473 0.4790 -0.6863
vn -0.7909 0.4790 -0.3809
vn -0.8778 0.4790 -0.0000
vn -0.7909 0.4790 0.3809
vn -0.5473 0.4790 0.6863
vn -0.1953 0.4790 0.8558
vn 0.1953 0.4790 0.8558
vn 0.5473 0.4790 0.6863
vn 0.7909 0.4790 0.3809
vn 0.6773 0.6595 -0.3262
vn 0.7517 0.6595 -0.0000
vn 0.4687 0.6595 -0.5877
vn 0.1673 0.6595 -0.7329
vn -0.1673 0.6595 -0.7329
vn -0.4687 0.6595 -0.5877
vn -0.6773 0.6595 -0.3262
vn -0.7517 0.6595 -0.0000
vn -0.6773 0.6595 0.3262
vn -0.4687 0.6595 0.5877
vn -0.1673 0.6595 0.7329
vn 0.1673 0.6595 0.7329
vn 0.4687 0.6595 0.5877
vn 0.6773 0.6595 0.3262
vn 0.5087 0.8254 -0.2450
vn 0.5646 0.8254 -0.0000
vn 0.3520 0.8254 -0.4414
vn 0.1256 0.8254 -0.5504
vn -0.1256 0.8254 -0.5504
vn -0.3520 0.8254 -0.4414
vn -0.5087 0.8254 -0.2450
vn -0.5646 0.8254 -0.0000
vn -0.5087 0.8254 0.2450
vn -0.3520 0.8254 0.4414
vn -0.1256 0.8254 0.5504
vn 0.1256 0.8254 0.5504
vn 0.3520 0.8254 0.4414
vn 0.5087 0.8254 0.2450
vn 0.2193 0.9699 -0.1056
vn 0.2434 0.9699 -0.0000
vn 0.1517 0.9699 -0.1903
vn 0.0542 0.9699 -0.2373
vn -0.0542 0.9699 -0.2373
vn -0.1517 0.9699 -0.1903
vn -0.2193 0.9699 -0.1056
vn -0.2434 0.9699 -0.0000
vn -0.2193 0.9699 0.1056
vn -0.1517 0.9699 0.1903
vn -0.0542 0.9699 0.2373
vn 0.0542 0.9699 0.2373
vn 0.1517 0.9699 0.1903
vn 0.2193 0.9699 0.1056
vn -0.9606 -0.1815 -0.2107
vn -0.9068 -0.1765 -0.3827
vn -0.8890 -0.3215 -0.3260
vn -0.9182 -0.3536 -0.1783
vn -0.1793 -0.1892 -0.9654
vn -0.1680 -0.3706 -0.9135
vn -0.3421 -0.3258 -0.8814
vn -0.3645 -0.1506 -0.9189
vn -0.1828 -0.9830 -0.0163
vn -0.3709 -0.9287 0.0050
vn -0.3452 -0.9202 -0.1848
vn -0.1585 -0.9653 -0.2077
vn 0.1805 -0.1911 -0.9648
vn 0.3692 -0.1442 -0.9181
vn 0.3541 -0.3215 -0.8782
vn 0.1761 -0.3684 -0.9128
vn 0.9599 -0.1830 -0.2124
vn 0.9188 -0.3529 -0.1769
vn 0.8880 -0.3192 -0.3310
vn 0.9063 -0.1695 -0.3871
vn 0.1845 -0.9827 -0.0183
vn 0.1666 -0.9638 -0.2080
vn 0.3571 -0.9155 -0.1854
vn 0.3757 -0.9267 0.0076
vn 0.1664 0.1507 -0.9745
vn 0.1454 0.5966 -0.7892
vn 0.2958 0.5758 -0.7622
vn 0.3276 0.1525 -0.9324
vn 0.1661 0.8971 -0.4094
vn 0.3290 0.8514 -0.4086
vn 0.9484 0.1614 -0.2727
vn 0.8867 0.1280 -0.4442
vn 0.8487 0.2897 -0.4425
vn 0.8940 0.3386 -0.2935
vn -0.1669 0.1506 -0.9744
vn -0.3284 0.1524 -0.9322
vn -0.2958 0.5758 -0.7622
vn -0.1454 0.5966 -0.7892
vn -0.9484 0.1614 -0.2729
vn -0.8940 0.3386 -0.2935
vn -0.8487 0.2897 -0.4425
vn -0.8866 0.1280 -0.4445
vn -0.1661 0.8971 -0.4094
vn -0.3290 0.8514 -0.4086
vn -0.9599 -0.1830 0.2124
vn -0.9188 -0.3529 0.1769
vn -0.8880 -0.3192 0.3310
vn -0.9063 -0.1695 0.3871
vn -0.1845 -0.9827 0.0183
vn -0.1666 -0.9638 0.2080
vn -0.3571 -0.9155 0.1854
vn -0.3757 -0.9267 -0.0076
vn -0.1805 -0.1911 0.9648
vn -0.3692 -0.1442 0.9181
vn -0.3541 -0.3214 0.8782
vn -0.1761 -0.3684 0.9128
vn 0.9606 -0.1815 0.2107
vn 0.9068 -0.1765 0.3827
vn 0.8890 -0.3215 0.3260
vn 0.9182 -0.3536 0.1783
vn 0.1793 -0.1892 0.9654
vn 0.1680 -0.3706 0.9135
vn 0.3421 -0.3258 0.8814
vn 0.3645 -0.1506 0.9189
vn 0.1828 -0.9830 0.0163
vn 0.3709 -0.9287 -0.0050
vn 0.3452 -0.9202 0.1848
vn 0.1585 -0.9653 0.2077
vn 0.1661 0.8971 0.4094
vn 0.1454 0.5966 0.7892
vn 0.2958 0.5758 0.7622
vn 0.3290 0.8514 0.4086
vn 0.1669 0.1506 0.9744
vn 0.3284 0.1524 0.9322
vn 0.9484 0.1614 0.2729
vn 0.8940 0.3386 0.2935
vn 0.8487 0.2897 0.4425
vn 0.8866 0.1280 0.4445
vn -0.9484 0.1614 0.2727
vn -0.8867 0.1280 0.4442
vn -0.8487 0.2897 0.4425
vn -0.8940 0.3386 0.2935
vn -0.1664 0.1507 0.9745
vn -0.1454 0.5966 0.7892
vn -0.2958 0.5758 0.7622
vn -0.3276 0.1525 0.9324
vn -0.1661 0.8971 0.4094
vn -0.3290 0.8514 0.4086
vn -0.1950 -0.9687 0.1533
vn -0.3818 -0.9152 0.1289
vn -0.9245 -0.3813 0.0011
vn -0.9807 -0.1920 -0.0368
vn 0.9807 -0.1918 -0.0368
vn 0.9246 -0.3809 0.0011
vn 0.3813 -0.9154 0.1290
vn 0.1947 -0.9688 0.1533
vn 0.1910 0.9495 -0.2491
vn 0.3758 0.8926 -0.2490
vn 0.9146 0.3728 -0.1565
vn 0.9743 0.1923 -0.1173
vn -0.9743 0.1923 -0.1173
vn -0.9146 0.3728 -0.1565
vn -0.3758 0.8926 -0.2490
vn -0.1910 0.9495 -0.2491
vn -0.1955 -0.9742 0.1131
vn -0.3826 -0.9194 0.0911
vn -0.9244 -0.3811 -0.0151
vn -0.9804 -0.1919 -0.0448
vn 0.9804 -0.1919 -0.0448
vn 0.9244 -0.3811 -0.0151
vn 0.3826 -0.9194 0.0911
vn 0.1955 -0.9742 0.1131
vn 0.1925 0.9583 -0.2111
vn 0.3786 0.9007 -0.2131
vn 0.9165 0.3741 -0.1414
vn 0.9751 0.1930 -0.1093
vn -0.9751 0.1930 -0.1093
vn -0.9165 0.3741 -0.1414
vn -0.3786 0.9007 -0.2131
vn -0.1925 0.9583 -0.2111
vn -0.1959 -0.9779 0.0723
vn -0.3833 -0.9221 0.0528
vn -0.9239 -0.3813 -0.0313
vn -0.9800 -0.1919 -0.0527
vn 0.9800 -0.1919 -0.0527
vn 0.9239 -0.3813 -0.0313
vn 0.3833 -0.9221 0.0528
vn 0.1959 -0.9779 0.0723
vn 0.1936 0.9658 -0.1722
vn 0.3809 0.9077 -0.1763
vn 0.9182 0.3755 -0.1262
vn 0.9758 0.1937 -0.1013
vn -0.9758 0.1937 -0.1013
vn -0.9182 0.3755 -0.1262
vn -0.3809 0.9077 -0.1763
vn -0.1936 0.9658 -0.1722
vn -0.1961 -0.9801 0.0311
vn -0.3836 -0.9234 0.0142
vn -0.9232 -0.3813 -0.0475
vn -0.9795 -0.1919 -0.0607
vn 0.9795 -0.1919 -0.0607
vn 0.9232 -0.3813 -0.0475
vn 0.3836 -0.9234 0.0142
vn 0.1961 -0.9801 0.0311
vn 0.1946 0.9719 -0.1324
vn 0.3827 0.9134 -0.1387
vn 0.9197 0.3767 -0.1108
vn 0.9765 0.1944 -0.0931
vn -0.9765 0.1944 -0.0931
vn -0.9197 0.3767 -0.1108
vn -0.3827 0.9134 -0.1387
vn -0.1946 0.9719 -0.1324
vn -0.1960 -0.9806 -0.0102
vn -0.3833 -0.9233 -0.0244
vn -0.9223 -0.3811 -0.0637
vn -0.9790 -0.1918 -0.0686
vn 0.9790 -0.1918 -0.0686
vn 0.9223 -0.3811 -0.0637
vn 0.3833 -0.9233 -0.0244
vn 0.1960 -0.9806 -0.0102
vn 0.1953 0.9764 -0.0920
vn 0.3841 0.9178 -0.1005
vn 0.9211 0.3776 -0.0953
vn 0.9771 0.1949 -0.0849
vn -0.9771 0.1949 -0.0849
vn -0.9211 0.3776 -0.0953
vn -0.3841 0.9178 -0.1005
vn -0.1953 0.9764 -0.0920
vn -0.2034 -0.9791 -0.0000
vn -0.3834 -0.9236 -0.0000
vn -0.9242 -0.3820 -0.0000
vn -0.9808 -0.1951 -0.0000
vn 0.9808 -0.1951 -0.0000
vn 0.9242 -0.3820 -0.0000
vn 0.3834 -0.9236 -0.0000
vn 0.2034 -0.9791 -0.0000
vn 0.2038 0.9790 -0.0000
vn 0.3859 0.9225 -0.0000
vn 0.9252 0.3795 -0.0000
vn 0.9801 0.1987 -0.0000
vn -0.9801 0.1987 -0.0000
vn -0.9252 0.3795 -0.0000
vn -0.3859 0.9225 -0.0000
vn -0.2038 0.9790 -0.0000
vn -0.1960 -0.9806 0.0102
vn -0.3833 -0.9233 0.0244
vn -0.9223 -0.3811 0.0637
vn -0.9790 -0.1918 0.0686
vn 0.9790 -0.1918 0.0686
vn 0.9223 -0.3811 0.0637
vn 0.3833 -0.9233 0.0244
vn 0.1960 -0.9806 0.0102
vn 0.1953 0.9764 0.0920
vn 0.3841 0.9178 0.1005
vn 0.9211 0.3776 0.0953
vn 0.9771 0.1949 0.0849
vn -0.9771 0.1949 0.0849
vn -0.9211 0.3776 0.0953
vn -0.3841 0.9178 0.1005
vn -0.1953 0.9764 0.0920
vn -0.1961 -0.9801 -0.0311
vn -0.3836 -0.9234 -0.0142
vn -0.9232 -0.3813 0.0475
vn -0.9795 -0.1919 0.0607
vn 0.9795 -0.1919 0.0607
vn 0.9232 -0.3813 0.0475
vn 0.3836 -0.9234 -0.0142
vn 0.1961 -0.9801 -0.0311
vn 0.1946 0.9719 0.1324
vn 0.3827 0.9134 0.1387
vn 0.9197 0.3767 0.1108
vn 0.9765 0.1944 0.0931
vn -0.9765 0.1944 0.0931
vn -0.9197 0.3767 0.1108
vn -0.3827 0.9134 0.1387
vn -0.1946 0.9719 0.1324
vn -0.1959 -0.9779 -0.0723
vn -0.3833 -0.9221 -0.0528
vn -0.9239 -0.3813 0.0313
vn -0.9800 -0.1919 0.0527
vn 0.9800 -0.1919 0.0527
vn 0.9239 -0.3813 0.0313
vn 0.3833 -0.9221 -0.0528
vn 0.1959 -0.9779 -0.0723
vn 0.1936 0.9658 0.1722
vn 0.3809 0.9077 0.1763
vn 0.9182 0.3755 0.1262
vn 0.9758 0.1937 0.1013
vn -0.9758 0.1937 0.1013
vn -0.9182 0.3755 0.1262
vn -0.3809 0.9077 0.1763
vn -0.1936 0.9658 0.1722
vn -0.1955 -0.9742 -0.1131
vn -0.3826 -0.9194 -0.0911
vn -0.9244 -0.3811 0.0151
vn -0.9804 -0.1919 0.0448
vn 0.9804 -0.1919 0.0448
vn 0.9244 -0.3811 0.0151
vn 0.3826 -0.9194 -0.0911
vn 0.1955 -0.9742 -0.1131
vn 0.1925 0.9583 0.2111
vn 0.3786 0.9007 0.2131
vn 0.9165 0.3741 0.1414
vn 0.9751 0.1930 0.1093
vn -0.9751 0.1930 0.1093
vn -0.9165 0.3741 0.1414
vn -0.3786 0.9007 0.2131
vn -0.1925 0.9583 0.2111
vn -0.1947 -0.9688 -0.1533
vn -0.3813 -0.9154 -0.1290
vn -0.9246 -0.3809 -0.0011
vn -0.9807 -0.1918 0.0368
vn 0.9807 -0.1920 0.0368
vn 0.9245 -0.3813 -0.0011
vn 0.3818 -0.9152 -0.1289
vn 0.1950 -0.9687 -0.1533
vn 0.1910 0.9495 0.2491
vn 0.3758 0.8926 0.2490
vn 0.9146 0.3728 0.1565
vn 0.9743 0.1923 0.1173
vn -0.9743 0.1923 0.1173
vn -0.9146 0.3728 0.1565
vn -0.3758 0.8926 0.2490
vn -0.1910 0.9495 0.2491
vn 0.1788 0.0174 -0.9837
vn -0.0000 0.0081 -1.0000
vn -0.1516 0.0080 -0.9884
vn -0.1788 0.0174 -0.9837
vn 0.1516 0.0080 -0.9884
vn -0.1788 0.0174 0.9837
vn -0.0000 0.0081 1.0000
vn 0.1516 0.0080 0.9884
vn 0.1788 0.0174 0.9837
vn -0.1516 0.0080 0.9884
vn -0.1555 0.0080 -0.9878
vn 0.1555 0.0080 -0.9878
vn 0.1555 0.0080 0.9878
vn -0.1555 0.0080 0.9878
vn -0.0000 0.0080 -1.0000
vn -0.1601 0.0079 -0.9871
vn 0.1601 0.0079 -0.9871
vn -0.0000 0.0080 1.0000
vn 0.1601 0.0079 0.9871
vn -0.1601 0.0079 0.9871
vn -0.0000 0.0079 -1.0000
vn -0.1654 0.0078 -0.9862
vn 0.1654 0.0078 -0.9862
vn -0.0000 0.0079 1.0000
vn 0.1654 0.0078 0.9862
vn -0.1654 0.0078 0.9862
vn -0.0000 0.0078 -1.0000
vn -0.1717 0.0077 -0.9851
vn 0.1717 0.0077 -0.9851
vn -0.0000 0.0078 1.0000
vn 0.1717 0.0077 0.9851
vn -0.1717 0.0077 0.9851
vn -0.0000 0.0077 -1.0000
vn -0.1793 0.0076 -0.9838
vn 0.1793 0.0076 -0.9838
vn -0.0000 0.0077 1.0000
vn 0.1793 0.0076 0.9838
vn -0.1793 0.0076 0.9838
vn -0.0000 0.0358 -0.9994
vn -0.1822 0.0342 -0.9827
vn 0.1822 0.0342 -0.9827
vn -0.0000 0.0358 0.9994
vn 0.1822 0.0342 0.9827
vn -0.1822 0.0342 0.9827
vn -0.0000 0.0515 -0.9987
vn -0.1766 0.0513 -0.9829
vn 0.1766 0.0513 -0.9829
vn -0.0000 0.0515 0.9987
vn 0.1766 0.0513 0.9829
vn -0.1766 0.0513 0.9829
vn -0.0000 0.0414 -0.9991
vn -0.1721 0.0407 -0.9842
vn 0.1721 0.0407 -0.9842
vn -0.0000 0.0414 0.9991
vn 0.1721 0.0407 0.9842
vn -0.1721 0.0407 0.9842
vn -0.0000 0.0462 -0.9989
vn -0.1721 0.0454 -0.9840
vn 0.1721 0.0454 -0.9840
vn -0.0000 0.0462 0.9989
vn 0.1721 0.0454 0.9840
vn -0.1721 0.0454 0.9840
vn -0.0000 0.0552 -0.9985
vn -0.1771 0.0539 -0.9827
vn 0.1771 0.0539 -0.9827
vn -0.0000 0.0552 0.9985
vn 0.1771 0.0539 0.9827
vn -0.1771 0.0539 0.9827
vn 0.6477 -0.1922 0.7373
vn 0.5292 -0.3924 0.7523
vn 0.6799 -0.4376 0.5885
vn 0.7698 -0.1743 0.6140
vn 0.1888 -0.9820 -0.0000
vn 0.2857 -0.9502 -0.1243
vn 0.3354 -0.9421 -0.0000
vn 0.2857 -0.9502 0.1243
vn 0.6477 -0.1922 -0.7373
vn 0.7698 -0.1743 -0.6140
vn 0.6799 -0.4376 -0.5885
vn 0.5292 -0.3924 -0.7523
vn -0.1889 -0.9820 -0.0000
vn -0.2857 -0.9502 0.1243
vn -0.3355 -0.9420 -0.0000
vn -0.2857 -0.9502 -0.1243
vn -0.6477 -0.1922 0.7373
vn -0.7698 -0.1743 0.6140
vn -0.6799 -0.4376 0.5885
vn -0.5292 -0.3924 0.7523
vn -0.6477 -0.1922 -0.7373
vn -0.5292 -0.3924 -0.7523
vn -0.6799 -0.4376 -0.5885
vn -0.7698 -0.1743 -0.6140
vn 0.7628 0.3348 0.5532
vn 0.9308 0.3654 -0.0000
vn 0.8714 0.4906 -0.0000
vn 0.7633 0.4929 0.4176
vn 0.7628 0.3347 -0.5532
vn 0.7634 0.4928 -0.4176
vn 0.2353 0.9719 0.0001
vn 0.3560 0.9273 0.1152
vn 0.4300 0.9028 0.0003
vn 0.3557 0.9275 -0.1150
vn -0.7628 0.3347 0.5532
vn -0.7634 0.4928 0.4176
vn -0.8714 0.4906 -0.0000
vn -0.9308 0.3654 -0.0000
vn -0.2352 0.9719 -0.0001
vn -0.3559 0.9274 -0.1153
vn -0.4303 0.9027 -0.0003
vn -0.3559 0.9274 0.1150
vn -0.7628 0.3348 -0.5532
vn -0.7633 0.4929 -0.4176
vn 0.6589 0.0358 -0.7513
vn 0.8018 0.0453 -0.5959
vn 0.8017 0.0453 0.5960
vn 0.6589 0.0358 0.7514
vn 0.0399 -0.9747 -0.2201
vn 0.0643 -0.9299 -0.3621
vn 0.1667 -0.3868 -0.9070
vn 0.1745 -0.1816 -0.9678
vn -0.0000 -0.9809 -0.1944
vn -0.0000 -0.9249 -0.3803
vn -0.0000 -0.3798 -0.9251
vn -0.0000 -0.1930 -0.9812
vn -0.0399 -0.9747 -0.2201
vn -0.0643 -0.9299 -0.3621
vn -0.1667 -0.3868 -0.9070
vn -0.1745 -0.1816 -0.9678
vn -0.6589 0.0358 0.7513
vn -0.8018 0.0453 0.5959
vn -0.8017 0.0453 -0.5960
vn -0.6589 0.0358 -0.7514
vn -0.0399 -0.9747 0.2201
vn -0.0643 -0.9299 0.3621
vn -0.1667 -0.3868 0.9070
vn -0.1745 -0.1816 0.9678
vn -0.0000 -0.9809 0.1944
vn -0.0000 -0.9249 0.3803
vn -0.0000 -0.3798 0.9251
vn -0.0000 -0.1930 0.9812
vn 0.0399 -0.9747 0.2201
vn 0.0643 -0.9299 0.3621
vn 0.1667 -0.3868 0.9070
vn 0.1745 -0.1816 0.9678
vn 0.6669 0.0362 -0.7443
vn 0.8084 0.0456 -0.5869
vn 0.8084 0.0456 0.5869
vn 0.6669 0.0362 0.7443
vn -0.6669 0.0362 0.7443
vn -0.8084 0.0456 0.5869
vn -0.8084 0.0456 -0.5869
vn -0.6669 0.0362 -0.7443
vn 0.6757 0.0366 -0.7363
vn 0.8156 0.0460 -0.5768
vn 0.8156 0.0460 0.5768
vn 0.6757 0.0366 0.7363
vn -0.6757 0.0366 0.7363
vn -0.8156 0.0460 0.5768
vn -0.8156 0.0460 -0.5768
vn -0.6757 0.0366 -0.7363
vn 0.6855 0.0371 -0.7271
vn 0.8235 0.0465 -0.5654
vn 0.8235 0.0465 0.5654
vn 0.6855 0.0371 0.7271
vn -0.6855 0.0371 0.7271
vn -0.8235 0.0465 0.5654
vn -0.8235 0.0465 -0.5654
vn -0.6855 0.0371 -0.7271
vn 0.6965 0.0375 -0.7166
vn 0.8322 0.0470 -0.5525
vn 0.8322 0.0470 0.5525
vn 0.6965 0.0375 0.7166
vn -0.6965 0.0375 0.7166
vn -0.8322 0.0470 0.5525
vn -0.8322 0.0470 -0.5525
vn -0.6965 0.0375 -0.7166
vn 0.7089 0.0381 -0.7042
vn 0.8418 0.0475 -0.5377
vn 0.8418 0.0475 0.5377
vn 0.7089 0.0381 0.7042
vn -0.7089 0.0381 0.7042
vn -0.8418 0.0475 0.5377
vn -0.8418 0.0475 -0.5377
vn -0.7089 0.0381 -0.7042
vn 0.7231 0.0387 -0.6897
vn 0.8524 0.0481 -0.5207
vn 0.8524 0.0481 0.5207
vn 0.7231 0.0387 0.6897
vn -0.7231 0.0387 0.6897
vn -0.8524 0.0481 0.5207
vn -0.8524 0.0481 -0.5207
vn -0.7231 0.0387 -0.6897
vn 0.7290 0.0707 -0.6809
vn 0.8541 0.0800 -0.5139
vn 0.8541 0.0800 0.5139
vn 0.7290 0.0707 0.6809
vn -0.7290 0.0707 0.6809
vn -0.8541 0.0800 0.5139
vn -0.8541 0.0800 -0.5139
vn -0.7290 0.0707 -0.6809
vn 0.7147 0.1017 -0.6920
vn 0.8435 0.1162 -0.5244
vn 0.8435 0.1162 0.5244
vn 0.7147 0.1017 0.6920
vn -0.7147 0.1017 0.6920
vn -0.8435 0.1162 0.5244
vn -0.8435 0.1162 -0.5244
vn -0.7147 0.1017 -0.6920
vn 0.7066 0.1050 -0.6998
vn 0.8369 0.1241 -0.5330
vn 0.8369 0.1241 0.5330
vn 0.7066 0.1050 0.6998
vn -0.7066 0.1050 0.6998
vn -0.8369 0.1241 0.5330
vn -0.8369 0.1241 -0.5330
vn -0.7066 0.1050 -0.6998
vn 0.7058 0.1170 -0.6986
vn 0.8354 0.1380 -0.5321
vn 0.8354 0.1380 0.5321
vn 0.7058 0.1170 0.6986
vn -0.7058 0.1170 0.6986
vn -0.8354 0.1380 0.5321
vn -0.8354 0.1380 -0.5321
vn -0.7058 0.1170 -0.6986
vn 0.7335 0.1527 -0.6623
vn 0.8651 0.1795 -0.4684
vn 0.8651 0.1795 0.4684
vn 0.7335 0.1527 0.6623
vn -0.7335 0.1527 0.6623
vn -0.8651 0.1795 0.4684
vn -0.8651 0.1795 -0.4684
vn -0.7335 0.1527 -0.6623
vn 0.6298 0.3115 -0.7116
vn 0.6772 0.5080 -0.5323
vn 0.0866 0.9537 -0.2881
vn 0.0551 0.9773 -0.2047
vn -0.2365 0.2145 -0.9477
vn -0.0000 0.2653 -0.9642
vn -0.0000 0.4448 -0.8956
vn -0.3015 0.4241 -0.8540
vn -0.0001 0.9351 -0.3544
vn -0.0001 0.9835 -0.1811
vn 0.2365 0.2145 -0.9476
vn 0.3016 0.4241 -0.8539
vn -0.0867 0.9537 -0.2881
vn -0.0551 0.9773 -0.2047
vn -0.6298 0.3115 -0.7116
vn -0.6772 0.5081 -0.5322
vn -0.6298 0.3115 0.7116
vn -0.6772 0.5080 0.5323
vn -0.0866 0.9537 0.2881
vn -0.0551 0.9773 0.2047
vn 0.2365 0.2145 0.9477
vn -0.0000 0.2653 0.9642
vn -0.0000 0.4448 0.8956
vn 0.3015 0.4241 0.8540
vn -0.0002 0.9351 0.3544
vn -0.0001 0.9835 0.1811
vn -0.2365 0.2145 0.9476
vn -0.3016 0.4241 0.8539
vn 0.0868 0.9537 0.2881
vn 0.0552 0.9773 0.2047
vn 0.6772 0.5081 0.5322
vn 0.6298 0.3115 0.7116
vn 0.4954 0.0252 0.8683
vn 0.4954 0.0252 -0.8683
vn -0.4954 0.0252 0.8683
vn -0.4954 0.0252 -0.8683
vn 0.5052 0.0255 0.8626
vn 0.5052 0.0255 -0.8626
vn -0.5052 0.0255 0.8626
vn -0.5052 0.0255 -0.8626
vn 0.5164 0.0259 0.8560
vn 0.5164 0.0259 -0.8560
vn -0.5164 0.0259 0.8560
vn -0.5164 0.0259 -0.8560
vn 0.5291 0.0264 0.8481
vn 0.5291 0.0264 -0.8481
vn -0.5291 0.0264 0.8481
vn -0.5291 0.0264 -0.8481
vn 0.5438 0.0270 0.8388
vn 0.5438 0.0270 -0.8388
vn -0.5438 0.0270 0.8388
vn -0.5438 0.0270 -0.8388
vn 0.5610 0.0276 0.8274
vn 0.5610 0.0276 -0.8274
vn -0.5610 0.0276 0.8274
vn -0.5610 0.0276 -0.8274
vn 0.5666 0.0575 0.8220
vn 0.5666 0.0575 -0.8220
vn -0.5666 0.0575 0.8220
vn -0.5666 0.0575 -0.8220
vn 0.5531 0.0819 0.8291
vn 0.5531 0.0819 -0.8291
vn -0.5531 0.0819 0.8291
vn -0.5531 0.0819 -0.8291
vn 0.5434 0.0808 0.8356
vn 0.5434 0.0808 -0.8356
vn -0.5434 0.0808 0.8356
vn -0.5434 0.0808 -0.8356
vn 0.5430 0.0901 0.8349
vn 0.5430 0.0901 -0.8349
vn -0.5430 0.0901 0.8349
vn -0.5430 0.0901 -0.8349
vn 0.5489 0.1130 0.8282
vn 0.5489 0.1130 -0.8282
vn -0.5489 0.1130 0.8282
vn -0.5489 0.1130 -0.8282
vn -0.0000 -1.0000 -0.0000
vn 0.2110 -0.9654 0.1533
vn -0.0806 -0.9654 0.2480
vn 0.7236 -0.4472 0.5257
vn 0.6042 -0.6650 0.4390
vn 0.8152 -0.5038 0.2857
vn -0.2608 -0.9654 -0.0000
vn -0.0806 -0.9654 -0.2480
vn 0.2110 -0.9654 -0.1533
vn 0.8650 -0.2431 0.4390
vn -0.2764 -0.4472 0.8506
vn -0.0198 -0.5038 0.8636
vn -0.1502 -0.2431 0.9583
vn -0.8944 -0.4472 -0.0000
vn -0.8274 -0.5038 0.2480
vn -0.9578 -0.2431 0.1533
vn -0.2764 -0.4472 -0.8506
vn -0.4915 -0.5038 -0.7103
vn -0.4417 -0.2431 -0.8636
vn 0.7236 -0.4472 -0.5257
vn 0.5237 -0.5038 -0.6870
vn 0.6848 -0.2431 -0.6870
vn 0.6848 -0.2431 0.6870
vn -0.4417 -0.2431 0.8636
vn -0.9578 -0.2431 -0.1533
vn -0.1502 -0.2431 -0.9583
vn 0.8650 -0.2431 -0.4390
vn 0.2764 0.4472 0.8506
vn 0.4915 0.5038 0.7103
vn 0.2308 0.6650 0.7103
vn -0.7236 0.4472 0.5257
vn -0.5237 0.5038 0.6870
vn -0.6042 0.6650 0.4390
vn -0.7236 0.4472 -0.5257
vn -0.8152 0.5038 -0.2857
vn -0.6042 0.6650 -0.4390
vn 0.2764 0.4472 -0.8506
vn 0.0198 0.5038 -0.8636
vn 0.2308 0.6650 -0.7103
vn 0.8944 0.4472 -0.0000
vn 0.8274 0.5038 -0.2480
vn 0.7469 0.6650 -0.0000
vn 0.2608 0.9654 -0.0000
vn 0.0806 0.9654 -0.2480
vn -0.0000 1.0000 -0.0000
vn 0.5257 0.8507 -0.0000
vn 0.3682 0.8904 -0.2675
vn 0.6317 0.7275 -0.2675
vn 0.1625 0.8507 -0.5000
vn 0.4496 0.7276 -0.5182
vn 0.6882 0.5257 -0.5000
vn 0.4915 0.5038 -0.7103
vn -0.2109 0.9654 -0.1533
vn -0.1406 0.8904 -0.4329
vn -0.0592 0.7276 -0.6835
vn -0.4253 0.8507 -0.3090
vn -0.3539 0.7276 -0.5878
vn -0.2629 0.5257 -0.8090
vn -0.5237 0.5038 -0.6870
vn -0.2109 0.9654 0.1533
vn -0.4551 0.8904 -0.0000
vn -0.6683 0.7275 -0.1549
vn -0.4253 0.8507 0.3090
vn -0.6683 0.7275 0.1549
vn -0.8506 0.5257 -0.0000
vn -0.8152 0.5038 0.2857
vn 0.0806 0.9654 0.2480
vn -0.1406 0.8904 0.4329
vn -0.3539 0.7276 0.5878
vn 0.1625 0.8507 0.5000
vn -0.0592 0.7276 0.6835
vn -0.2629 0.5257 0.8090
vn 0.0198 0.5038 0.8636
vn 0.3682 0.8904 0.2675
vn 0.4496 0.7276 0.5182
vn 0.6317 0.7275 0.2675
vn 0.6882 0.5257 0.5000
vn 0.8274 0.5038 0.2480
vn 0.9578 0.2431 -0.1533
vn 0.9511 -0.0000 -0.3090
vn 0.8593 0.2724 -0.4329
vn 0.8090 0.0089 -0.5878
vn 0.6772 0.2724 -0.6835
vn 0.5878 -0.0000 -0.8090
vn 0.4417 0.2431 -0.8636
vn 0.1502 0.2431 -0.9583
vn -0.0000 -0.0000 -1.0000
vn -0.1461 0.2724 -0.9510
vn -0.3090 0.0089 -0.9510
vn -0.4408 0.2724 -0.8553
vn -0.5878 -0.0000 -0.8090
vn -0.6848 0.2431 -0.6870
vn -0.8650 0.2431 -0.4390
vn -0.9511 -0.0000 -0.3090
vn -0.9496 0.2724 -0.1549
vn -1.0000 0.0089 -0.0000
vn -0.9496 0.2724 0.1549
vn -0.9511 -0.0000 0.3090
vn -0.8650 0.2431 0.4390
vn -0.6848 0.2431 0.6870
vn -0.5878 -0.0000 0.8090
vn -0.4408 0.2724 0.8553
vn -0.3090 0.0089 0.9510
vn -0.1461 0.2724 0.9510
vn -0.0000 -0.0000 1.0000
vn 0.1502 0.2431 0.9583
vn 0.4417 0.2431 0.8636
vn 0.5878 -0.0000 0.8090
vn 0.6772 0.2724 0.6835
vn 0.8090 0.0089 0.5878
vn 0.8593 0.2724 0.4329
vn 0.9511 -0.0000 0.3090
vn 0.9578 0.2431 0.1533
vn 0.3090 -0.0089 -0.9510
vn 0.4408 -0.2724 -0.8553
vn 0.1461 -0.2724 -0.9510
vn 0.2629 -0.5257 -0.8090
vn -0.0198 -0.5038 -0.8636
vn -0.8090 -0.0089 -0.5878
vn -0.6772 -0.2724 -0.6835
vn -0.8593 -0.2724 -0.4329
vn -0.6882 -0.5257 -0.5000
vn -0.8274 -0.5038 -0.2480
vn -0.8090 -0.0089 0.5878
vn -0.8593 -0.2724 0.4329
vn -0.6772 -0.2724 0.6835
vn -0.6882 -0.5257 0.5000
vn -0.4915 -0.5038 0.7103
vn 0.3090 -0.0089 0.9510
vn 0.1461 -0.2724 0.9510
vn 0.4408 -0.2724 0.8553
vn 0.2629 -0.5257 0.8090
vn 0.5237 -0.5038 0.6870
vn 1.0000 -0.0089 -0.0000
vn 0.9496 -0.2724 0.1549
vn 0.9496 -0.2724 -0.1549
vn 0.8506 -0.5257 -0.0000
vn 0.8152 -0.5038 -0.2857
vn 0.6042 -0.6650 -0.4390
vn 0.4253 -0.8507 -0.3090
vn 0.3539 -0.7276 -0.5878
vn 0.1406 -0.8904 -0.4329
vn 0.0592 -0.7276 -0.6835
vn -0.1625 -0.8507 -0.5000
vn -0.2308 -0.6650 -0.7103
vn -0.4496 -0.7276 -0.5182
vn -0.3682 -0.8904 -0.2675
vn -0.6317 -0.7275 -0.2675
vn -0.5257 -0.8507 -0.0000
vn -0.7469 -0.6650 -0.0000
vn -0.6317 -0.7275 0.2675
vn -0.3682 -0.8904 0.2675
vn -0.4496 -0.7275 0.5182
vn -0.1625 -0.8507 0.5000
vn -0.2308 -0.6650 0.7103
vn 0.6683 -0.7276 -0.1549
vn 0.6683 -0.7275 0.1549
vn 0.4551 -0.8904 -0.0000
vn 0.4253 -0.8507 0.3090
vn 0.0592 -0.7276 0.6835
vn 0.1406 -0.8904 0.4329
vn 0.3539 -0.7276 0.5878
vn -0.3180 -0.9047 0.2836
vn -0.2932 -0.7735 0.5619
vn -0.5485 -0.6915 0.4701
vn -0.8368 -0.5067 0.2073
vn -0.2084 -0.1006 0.9729
vn -0.4129 -0.0884 0.9065
vn -0.3865 -0.1784 0.9049
vn -0.1704 -0.2046 0.9639
vn -0.9834 -0.0875 0.1588
vn -0.9420 -0.1591 0.2955
vn -0.9454 -0.0778 0.3166
vn -0.2084 0.1006 0.9729
vn -0.1703 0.2046 0.9639
vn -0.3864 0.1783 0.9049
vn -0.4129 0.0884 0.9065
vn -0.3180 0.9047 0.2836
vn -0.8368 0.5067 0.2073
vn -0.5484 0.6916 0.4701
vn -0.2932 0.7735 0.5619
vn -0.9834 0.0875 0.1588
vn -0.9454 0.0778 0.3166
vn -0.9420 0.1591 0.2955
vn -0.3180 -0.9047 -0.2836
vn -0.8368 -0.5067 -0.2073
vn -0.5484 -0.6915 -0.4701
vn -0.2932 -0.7735 -0.5619
vn -0.9834 -0.0875 -0.1588
vn -0.9454 -0.0778 -0.3166
vn -0.9420 -0.1591 -0.2955
vn -0.2084 -0.1006 -0.9729
vn -0.1704 -0.2047 -0.9639
vn -0.3865 -0.1784 -0.9049
vn -0.4129 -0.0884 -0.9065
vn -0.3180 0.9047 -0.2836
vn -0.2932 0.7735 -0.5619
vn -0.5484 0.6916 -0.4701
vn -0.8368 0.5067 -0.2073
vn -0.2084 0.1006 -0.9729
vn -0.4129 0.0884 -0.9065
vn -0.3864 0.1784 -0.9049
vn -0.1703 0.2047 -0.9639
vn -0.9834 0.0875 -0.1588
vn -0.9420 0.1591 -0.2955
vn -0.9454 0.0778 -0.3166
vn 0.3180 -0.9047 0.2836
vn 0.8368 -0.5067 0.2073
vn 0.5484 -0.6915 0.4701
vn 0.2932 -0.7735 0.5619
vn 0.9834 -0.0875 0.1588
vn 0.9454 -0.0778 0.3166
vn 0.9420 -0.1591 0.2955
vn 0.2084 -0.1006 0.9729
vn 0.1704 -0.2046 0.9639
vn 0.3865 -0.1783 0.9049
vn 0.4129 -0.0884 0.9065
vn 0.3180 0.9047 0.2836
vn 0.2932 0.7735 0.5619
vn 0.5484 0.6916 0.4701
vn 0.8368 0.5067 0.2073
vn 0.2084 0.1006 0.9729
vn 0.4129 0.0884 0.9065
vn 0.3864 0.1784 0.9049
vn 0.1703 0.2046 0.9639
vn 0.9834 0.0875 0.1588
vn 0.9420 0.1591 0.2955
vn 0.9454 0.0778 0.3166
vn 0.3180 -0.9047 -0.2836
vn 0.2932 -0.7735 -0.5619
vn 0.5485 -0.6915 -0.4701
vn 0.8368 -0.5067 -0.2073
vn 0.2084 -0.1006 -0.9729
vn 0.4129 -0.0884 -0.9065
vn 0.3865 -0.1784 -0.9049
vn 0.1704 -0.2047 -0.9639
vn 0.9834 -0.0875 -0.1588
vn 0.9420 -0.1591 -0.2955
vn 0.9454 -0.0778 -0.3166
vn 0.3180 0.9047 -0.2836
vn 0.8368 0.5067 -0.2073
vn 0.5484 0.6916 -0.4701
vn 0.2932 0.7735 -0.5619
vn 0.9834 0.0875 -0.1588
vn 0.9454 0.0778 -0.3166
vn 0.9420 0.1591 -0.2955
vn 0.2084 0.1006 -0.9729
vn 0.1703 0.2047 -0.9639
vn 0.3864 0.1784 -0.9049
vn 0.4129 0.0884 -0.9065
vn -0.4128 -0.0884 0.9065
vn -0.3864 -0.1784 0.9049
vn -0.1703 -0.2046 0.9639
vn -0.3864 0.1784 0.9049
vn -0.4128 0.0884 0.9065
vn -0.5485 0.6915 0.4701
vn -0.1703 -0.2046 -0.9639
vn -0.3864 -0.1783 -0.9049
vn -0.4128 -0.0884 -0.9065
vn -0.5485 0.6915 -0.4701
vn -0.4128 0.0884 -0.9065
vn -0.3864 0.1783 -0.9049
vn -0.1703 0.2046 -0.9639
vn 0.1703 -0.2046 0.9639
vn 0.3864 -0.1784 0.9049
vn 0.4128 -0.0884 0.9065
vn 0.5485 0.6915 0.4701
vn 0.4128 0.0884 0.9065
vn 0.4128 -0.0884 -0.9065
vn 0.3864 -0.1783 -0.9049
vn 0.1703 -0.2046 -0.9639
vn 0.5485 0.6915 -0.4701
vn 0.1703 0.2046 -0.9639
vn 0.3864 0.1783 -0.9049
vn 0.4128 0.0884 -0.9065
vn -0.3864 -0.1783 0.9049
vn -0.3864 -0.1784 -0.9049
vn 0.3864 -0.1783 0.9049
vn 0.3864 0.1783 0.9049
vn 0.3864 -0.1784 -0.9049
vn -0.1704 -0.2047 0.9639
vn -0.1703 0.2047 0.9639
vn -0.1704 -0.2046 -0.9639
vn -0.3865 -0.1783 -0.9049
vn 0.1704 -0.2047 0.9639
vn 0.3865 -0.1784 0.9049
vn 0.1703 0.2047 0.9639
vn 0.1704 -0.2046 -0.9639
s 1
f 1//1 2//2 16//3 15//4
f 2//2 3//5 17//6 16//3
f 3//5 4//7 18//8 17//6
f 4//7 5//9 19//10 18//8
f 5//9 6//11 20//12 19//10
f 6//11 7//13 21//14 20//12
f 7//13 8//15 22//16 21//14
f 8//15 9//17 23//18 22//16
f 9//17 10//19 24//20 23//18
f 10//19 11//21 25//22 24//20
f 11//21 12//23 26//24 25//22
f 12//23 13//25 27//26 26//24
f 13//25 14//27 28//28 27//26
f 14//27 1//1 15//4 28//28
f 15//4 16//3 30//29 29//30
f 16//3 17//6 31//31 30//29
f 17//6 18//8 32//32 31//31
f 18//8 19//10 33//33 32//32
f 19//10 20//12 34//34 33//33
f 20//12 21//14 35//35 34//34
f 21//14 22//16 36//36 35//35
f 22//16 23//18 37//37 36//36
f 23//18 24//20 38//38 37//37
f 24//20 25//22 39//39 38//38
f 25//22 26//24 40//40 39//39
f 26//24 27//26 41//41 40//40
f 27//26 28//28 42//42 41//41
f 28//28 15//4 29//30 42//42
f 29//30 30//29 44//43 43//44
f 30//29 31//31 45//45 44//43
f 31//31 32//32 46//46 45//45
f 32//32 33//33 47//47 46//46
f 33//33 34//34 48//48 47//47
f 34//34 35//35 49//49 48//48
f 35//35 36//36 50//50 49//49
f 36//36 37//37 51//51 50//50
f 37//37 38//38 52//52 51//51
f 38//38 39//39 53//53 52//52
f 39//39 40//40 54//54 53//53
f 40//40 41//41 55//55 54//54
f 41//41 42//42 56//56 55//55
f 42//42 29//30 43//44 56//56
f 43//44 44//43 58//57 57//58
f 44//43 45//45 59//59 58//57
f 45//45 46//46 60//60 59//59
f 46//46 47//47 61//61 60//60
f 47//47 48//48 62//62 61//61
f 48//48 49//49 63//63 62//62
f 49//49 50//50 64//64 63//63
f 50//50 51//51 65//65 64//64
f 51//51 52//52 66//66 65//65
f 52//52 53//53 67//67 66//66
f 53//53 54//54 68//68 67//67
f 54//54 55//55 69//69 68//68
f 55//55 56//56 70//70 69//69
f 56//56 43//44 57//58 70//70
f 57//58 58//57 72//71 71//72
f 58//57 59//59 73//73 72//71
f 59//59 60//60 74//74 73//73
f 60//60 61//61 75//75 74//74
f 61//61 62//62 76//76 75//75
f 62//62 63//63 77//77 76//76
f 63//63 64//64 78//78 77//77
f 64//64 65//65 79//79 78//78
f 65//65 66//66 80//80 79//79
f 66//66 67//67 81//81 80//80
f 67//67 68//68 82//82 81//81
f 68//68 69//69 83//83 82//82
f 69//69 70//70 84//84 83//83
f 70//70 57//58 71//72 84//84
f 71//72 72//71 86//85 85//86
f 72//71 73//73 87//87 86//85
f 73//73 74//74 88//88 87//87
f 74//74 75//75 89//89 88//88
f 75//75 76//76 90//90 89//89
f 76//76 77//77 91//91 90//90
f 77//77 78//78 92//92 91//91
f 78//78 79//79 93//93 92//92
f 79//79 80//80 94//94 93//93
f 80//80 81//81 95//95 94//94
f 81//81 82//82 96//96 95//95
f 82//82 83//83 97//97 96//96
f 83//83 84//84 98//98 97//97
f 84//84 71//72 85//86 98//98
f 85//86 86//85 100//99 99//100
f 86//85 87//87 101//101 100//99
f 87//87 88//88 102//102 101//101
f 88//88 89//89 103//103 102//102
f 89//89 90//90 104//104 103//103
f 90//90 91//91 105//105 104//104
f 91//91 92//92 106//106 105//105
f 92//92 93//93 107//107 106//106
f 93//93 94//94 108//108 107//107
f 94//94 95//95 109//109 108//108
f 95//95 96//96 110//110 109//109
f 96//96 97//97 111//111 110//110
f 97//97 98//98 112//112 111//111
f 98//98 85//86 99//100 112//112
f 99//100 100//99 114//113 113//114
f 100//99 101//101 115//115 114//113
f 101//101 102//102 116//116 115//115
f 102//102 103//103 117//117 116//116
f 103//103 104//104 118//118 117//117
f 104//104 105//105 119//119 118//118
f 105//105 106//106 120//120 119//119
f 106//106 107//107 121//121 120//120
f 107//107 108//108 122//122 121//121
f 108//108 109//109 123//123 122//122
f 109//109 110//110 124//124 123//123
f 110//110 111//111 125//125 124//124
f 111//111 112//112 126//126 125//125
f 112//112 99//100 113//114 126//126
f 113//114 114//113 128//127 127//128
f 114//113 115//115 129//129 128//127
f 115//115 116//116 130//130 129//129
f 116//116 117//117 131//131 130//130
f 117//117 118//118 132//132 131//131
f 118//118 119//119 133//133 132//132
f 119//119 120//120 134//134 133//133
f 120//120 121//121 135//135 134//134
f 121//121 122//122 136//136 135//135
f 122//122 123//123 137//137 136//136
f 123//123 124//124 138//138 137//137
f 124//124 125//125 139//139 138//138
f 125//125 126//126 140//140 139//139
f 126//126 113//114 127//128 140//140
f 127//128 128//127 142//141 141//142
f 128//127 129//129 143//143 142//141
f 129//129 130//130 144//144 143//143
f 130//130 131//131 145//145 144//144
f 131//131 132//132 146//146 145//145
f 132//132 133//133 147//147 146//146
f 133//133 134//134 148//148 147//147
f 134//134 135//135 149//149 148//148
f 135//135 136//136 150//150 149//149
f 136//136 137//137 151//151 150//150
f 137//137 138//138 152//152 151//151
f 138//138 139//139 153//153 152//152
f 139//139 140//140 154//154 153//153
f 140//140 127//128 141//142 154//154
f 141//142 142//141 156//155 155//156
f 142//141 143//143 157//157 156//155
f 143//143 144//144 158//158 157//157
f 144//144 145//145 159//159 158//158
f 145//145 146//146 160//160 159//159
f 146//146 147//147 161//161 160//160
f 147//147 148//148 162//162 161//161
f 148//148 149//149 163//163 162//162
f 149//149 150//150 164//164 163//163
f 150//150 151//151 165//165 164//164
f 151//151 152//152 166//166 165//165
f 152//152 153//153 167//167 166//166
f 153//153 154//154 168//168 167//167
f 154//154 141//142 155//156 168//168
f 155//156 156//155 170//169 169//170
f 156//155 157//157 171//171 170//169
f 157//157 158//158 172//172 171//171
f 158//158 159//159 173//173 172//172
f 159//159 160//160 174//174 173//173
f 160//160 161//161 175//175 174//174
f 161//161 162//162 176//176 175//175
f 162//162 163//163 177//177 176//176
f 163//163 164//164 178//178 177//177
f 164//164 165//165 179//179 178//178
f 165//165 166//166 180//180 179//179
f 166//166 167//167 181//181 180//180
f 167//167 168//168 182//182 181//181
f 168//168 155//156 169//170 182//182
f 169//170 170//169 184//183 183//184
f 170//169 171//171 185//185 184//183
f 171//171 172//172 186//186 185//185
f 172//172 173//173 187//187 186//186
f 173//173 174//174 188//188 187//187
f 174//174 175//175 189//189 188//188
f 175//175 176//176 190//190 189//189
f 176//176 177//177 191//191 190//190
f 177//177 178//178 192//192 191//191
f 178//178 179//179 193//193 192//192
f 179//179 180//180 194//194 193//193
f 180//180 181//181 195//195 194//194
f 181//181 182//182 196//196 195//195
f 182//182 169//170 183//184 196//196
f 183//184 184//183 198//197 197//198
f 184//183 185//185 199//199 198//197
f 185//185 186//186 200//200 199//199
f 186//186 187//187 201//201 200//200
f 187//187 188//188 202//202 201//201
f 188//188 189//189 203//203 202//202
f 189//189 190//190 204//204 203//203
f 190//190 191//191 205//205 204//204
f 191//191 192//192 206//206 205//205
f 192//192 193//193 207//207 206//206
f 193//193 194//194 208//208 207//207
f 194//194 195//195 209//209 208//208
f 195//195 196//196 210//210 209//209
f 196//196 183//184 197//198 210//210
f 197//198 198//197 212//211 211//212
f 198//197 199//199 213//213 212//211
f 199//199 200//200 214//214 213//213
f 200//200 201//201 215//215 214//214
f 201//201 202//202 216//216 215//215
f 202//202 203//203 217//217 216//216
f 203//203 204//204 218//218 217//217
f 204//204 205//205 219//219 218//218
f 205//205 206//206 220//220 219//219
f 206//206 207//207 221//221 220//220
f 207//207 208//208 222//222 221//221
f 208//208 209//209 223//223 222//222
f 209//209 210//210 224//224 223//223
f 210//210 197//198 211//212 224//224
f 211//212 212//211 226//225 225//226
f 212//211 213//213 227//227 226//225
f 213//213 214//214 228//228 227//227
f 214//214 215//215 229//229 228//228
f 215//215 216//216 230//230 229//229
f 216//216 217//217 231//231 230//230
f 217//217 218//218 232//232 231//231
f 218//218 219//219 233//233 232//232
f 219//219 220//220 234//234 233//233
f 220//220 221//221 235//235 234//234
f 221//221 222//222 236//236 235//235
f 222//222 223//223 237//237 236//236
f 223//223 224//224 238//238 237//237
f 224//224 211//212 225//226 238//238
f 239//239 242//240 244//241 241//242
f 241//243 244//244 243//245 240//246
f 242//240 245//247 247//248 244//241
f 244//244 247//249 246//250 243//245
f 245//247 248//251 250//252 247//248
f 247//249 250//253 249//254 246//250
f 248//251 251//255 253//256 250//252
f 250//253 253//257 252//258 249//254
f 251//255 254//259 256//260 253//256
f 253//257 256//261 255//262 252//258
f 254//259 257//263 259//264 256//260
f 256//261 259//265 258//266 255//262
f 257//263 260//267 262//268 259//264
f 259//265 262//269 261//270 258//266
f 260//267 263//271 265//272 262//268
f 262//269 265//273 264//274 261//270
f 263//271 266//275 268//276 265//272
f 265//273 268//277 267//278 264//274
f 266//275 269//279 271//280 268//276
f 268//277 271//281 270//282 267//278
f 269//279 272//283 274//284 271//280
f 271//281 274//285 273//286 270//282
f 272//283 275//287 277//288 274//284
f 274//285 277//289 276//290 273//286
f 275//287 278//291 280//292 277//288
f 277//289 280//293 279//294 276//290
f 240//246 279//294 280//293 241//243
f 241//242 280//292 278//291 239//239
f 282//295 285//296 286//297 283//298
f 283//299 286//300 284//301 281//302
f 285//296 288//303 289//304 286//297
f 286//300 289//305 287//306 284//301
f 288//303 291//307 292//308 289//304
f 289//305 292//309 290//310 287//306
f 291//307 294//311 295//312 292//308
f 292//309 295//313 293//314 290//310
f 294//311 297//315 298//316 295//312
f 295//313 298//317 296//318 293//314
f 297//315 300//319 301//320 298//316
f 298//317 301//321 299//322 296//318
f 300//319 303//323 304//324 301//320
f 301//321 304//325 302//326 299//322
f 303//323 306//327 307//328 304//324
f 304//325 307//329 305//330 302//326
f 306//327 309//331 310//332 307//328
f 307//329 310//333 308//334 305//330
f 309//331 312//335 313//336 310//332
f 310//333 313//337 311//338 308//334
f 312//335 315//339 316//340 313//336
f 313//337 316//341 314//342 311//338
f 315//339 318//343 319//344 316//340
f 316//341 319//345 317//346 314//342
f 318//343 321//347 322//348 319//344
f 319//345 322//349 320//350 317//346
f 281//302 320//350 322//349 283//299
f 283//298 322//348 321//347 282//295
f 279//294 240//246 1//1 14//27
f 240//246 243//245 2//2 1//1
f 278//291 275//287 272//283 269//279 266//275 263//271 260//267 257//263 254//259 251//255 248//251 245//247 242//240 239//239
f 243//245 246//250 3//5 2//2
f 246//250 249//254 4//7 3//5
f 249//254 252//258 5//9 4//7
f 252//258 255//262 6//11 5//9
f 255//262 258//266 7//13 6//11
f 258//266 261//270 8//15 7//13
f 261//270 264//274 9//17 8//15
f 264//274 267//278 10//19 9//17
f 267//278 270//282 11//21 10//19
f 270//282 273//286 12//23 11//21
f 273//286 276//290 13//25 12//23
f 276//290 279//294 14//27 13//25
f 238//238 225//226 282//295 321//347
f 225//226 226//225 285//296 282//295
f 281//302 284//301 287//306 290//310 293//314 296//318 299//322 302//326 305//330 308//334 311//338 314//342 317//346 320//350
f 226//225 227//227 288//303 285//296
f 227//227 228//228 291//307 288//303
f 228//228 229//229 294//311 291//307
f 229//229 230//230 297//315 294//311
f 230//230 231//231 300//319 297//315
f 231//231 232//232 303//323 300//319
f 232//232 233//233 306//327 303//323
f 233//233 234//234 309//331 306//327
f 234//234 235//235 312//335 309//331
f 235//235 236//236 315//339 312//335
f 236//236 237//237 318//343 315//339
f 237//237 238//238 321//347 318//343
f 323//351 324//352 338//353 337//354
f 324//352 325//355 339//356 338//353
f 325//355 326//357 340//358 339//356
f 326//357 327//359 341//360 340//358
f 327//359 328//361 342//362 341//360
f 328//361 329//363 343//364 342//362
f 329//363 330//365 344//366 343//364
f 330//365 331//367 345//368 344//366
f 331//367 332//369 346//370 345//368
f 332//369 333//371 347//372 346//370
f 333//371 334//373 348//374 347//372
f 334//373 335//375 349//376 348//374
f 335//375 336//377 350//378 349//376
f 336//377 323//351 337//354 350//378
f 337//354 338//353 352//379 351//380
f 338//353 339//356 353//381 352//379
f 339//356 340//358 354//382 353//381
f 340//358 341//360 355//383 354//382
f 341//360 342//362 356//384 355//383
f 342//362 343//364 357//385 356//384
f 343//364 344//366 358//386 357//385
f 344//366 345//368 359//387 358//386
f 345//368 346//370 360//388 359//387
f 346//370 347//372 361//389 360//388
f 347//372 348//374 362//390 361//389
f 348//374 349//376 363//391 362//390
f 349//376 350//378 364//392 363//391
f 350//378 337//354 351//380 364//392
f 351//380 352//379 366//393 365//394
f 352//379 353//381 367//395 366//393
f 353//381 354//382 368//396 367//395
f 354//382 355//383 369//397 368//396
f 355//383 356//384 370//398 369//397
f 356//384 357//385 371//399 370//398
f 357//385 358//386 372//400 371//399
f 358//386 359//387 373//401 372//400
f 359//387 360//388 374//402 373//401
f 360//388 361//389 375//403 374//402
f 361//389 362//390 376//404 375//403
f 362//390 363//391 377//405 376//404
f 363//391 364//392 378//406 377//405
f 364//392 351//380 365//394 378//406
f 365//394 366//393 380//407 379//408
f 366//393 367//395 381//409 380//407
f 367//395 368//396 382//410 381//409
f 368//396 369//397 383//411 382//410
f 369//397 370//398 384//412 383//411
f 370//398 371//399 385//413 384//412
f 371//399 372//400 386//414 385//413
f 372//400 373//401 387//415 386//414
f 373//401 374//402 388//416 387//415
f 374//402 375//403 389//417 388//416
f 375//403 376//404 390//418 389//417
f 376//404 377//405 391//419 390//418
f 377//405 378//406 392//420 391//419
f 378//406 365//394 379//408 392//420
f 379//408 380//407 394//421 393//422
f 380//407 381//409 395//423 394//421
f 381//409 382//410 396//424 395//423
f 382//410 383//411 397//425 396//424
f 383//411 384//412 398//426 397//425
f 384//412 385//413 399//427 398//426
f 385//413 386//414 400//428 399//427
f 386//414 387//415 401//429 400//428
f 387//415 388//416 402//430 401//429
f 388//416 389//417 403//431 402//430
f 389//417 390//418 404//432 403//431
f 390//418 391//419 405//433 404//432
f 391//419 392//420 406//434 405//433
f 392//420 379//408 393//422 406//434
f 393//422 394//421 408//435 407//436
f 394//421 395//423 409//437 408//435
f 395//423 396//424 410//438 409//437
f 396//424 397//425 411//439 410//438
f 397//425 398//426 412//440 411//439
f 398//426 399//427 413//441 412//440
f 399//427 400//428 414//442 413//441
f 400//428 401//429 415//443 414//442
f 401//429 402//430 416//444 415//443
f 402//430 403//431 417//445 416//444
f 403//431 404//432 418//446 417//445
f 404//432 405//433 419//447 418//446
f 405//433 406//434 420//448 419//447
f 406//434 393//422 407//436 420//448
f 407//436 408//435 422//449 421//450
f 408//435 409//437 423//451 422//449
f 409//437 410//438 424//452 423//451
f 410//438 411//439 425//453 424//452
f 411//439 412//440 426//454 425//453
f 412//440 413//441 427//455 426//454
f 413//441 414//442 428//456 427//455
f 414//442 415//443 429//457 428//456
f 415//443 416//444 430//458 429//457
f 416//444 417//445 431//459 430//458
f 417//445 418//446 432//460 431//459
f 418//446 419//447 433//461 432//460
f 419//447 420//448 434//462 433//461
f 420//448 407//436 421//450 434//462
f 421//450 422//449 436//463 435//464
f 422//449 423//451 437//465 436//463
f 423//451 424//452 438//466 437//465
f 424//452 425//453 439//467 438//466
f 425//453 426//454 440//468 439//467
f 426//454 427//455 441//469 440//468
f 427//455 428//456 442//470 441//469
f 428//456 429//457 443//471 442//470
f 429//457 430//458 444//472 443//471
f 430//458 431//459 445//473 444//472
f 431//459 432//460 446//474 445//473
f 432//460 433//461 447//475 446//474
f 433//461 434//462 448//476 447//475
f 434//462 421//450 435//464 448//476
f 435//464 436//463 450//477 449//478
f 436//463 437//465 451//479 450//477
f 437//465 438//466 452//480 451//479
f 438//466 439//467 453//481 452//480
f 439//467 440//468 454//482 453//481
f 440//468 441//469 455//483 454//482
f 441//469 442//470 456//484 455//483
f 442//470 443//471 457//485 456//484
f 443//471 444//472 458//486 457//485
f 444//472 445//473 459//487 458//486
f 445//473 446//474 460//488 459//487
f 446//474 447//475 461//489 460//488
f 447//475 448//476 462//490 461//489
f 448//476 435//464 449//478 462//490
f 449//478 450//477 464//491 463//492
f 450//477 451//479 465//493 464//491
f 451//479 452//480 466//494 465//493
f 452//480 453//481 467//495 466//494
f 453//481 454//482 468//496 467//495
f 454//482 455//483 469//497 468//496
f 455//483 456//484 470//498 469//497
f 456//484 457//485 471//499 470//498
f 457//485 458//486 472//500 471//499
f 458//486 459//487 473//501 472//500
f 459//487 460//488 474//502 473//501
f 460//488 461//489 475//503 474//502
f 461//489 462//490 476//504 475//503
f 462//490 449//478 463//492 476//504
f 336//377 335//375 334//373 333//371 332//369 331//367 330//365 329//363 328//361 327//359 326//357 325//355 324//352 323//351
f 463//492 464//491 465//493 466//494 467//495 468//496 469//497 470//498 471//499 472//500 473//501 474//502 475//503 476//504
f 477//505 480//506 481//507 483//508
f 478//509 482//510 481//511 480//512
f 479//513 483//514 481//515 482//516
f 484//517 487//518 488//519 490//520
f 485//521 489//522 488//523 487//524
f 486//525 490//526 488//527 489//528
f 491//529 494//530 495//531 497//532
f 492//533 496//534 495//531 494//530
f 493//535 497//536 495//537 496//538
f 498//539 501//540 502//541 504//542
f 499//543 503//544 502//545 501//546
f 500//547 504//542 502//541 503//548
f 637//549 640//550 641//551 643//552
f 638//553 642//554 641//555 640//556
f 639//557 643//558 641//559 642//560
f 644//561 647//562 648//563 650//564
f 645//565 649//566 648//567 647//568
f 646//569 650//570 648//571 649//572
f 651//573 654//574 655//575 657//576
f 652//577 656//578 655//575 654//574
f 653//579 657//580 655//581 656//582
f 658//583 661//584 662//585 664//586
f 659//587 663//588 662//589 661//590
f 660//591 664//592 662//589 663//588
f 479//513 505//593 507//594 483//514
f 483//508 507//595 506//596 477//505
f 478//509 484//517 490//520 482//510
f 482//516 490//526 486//525 479//513
f 485//521 508//597 510//598 489//522
f 489//528 510//599 509//600 486//525
f 484//517 491//529 497//532 487//518
f 487//524 497//536 493//535 485//521
f 492//533 511//601 513//602 496//534
f 496//538 513//603 512//604 493//535
f 491//529 498//539 504//542 494//530
f 494//530 504//542 500//547 492//533
f 499//543 514//605 516//606 503//544
f 503//548 516//607 515//608 500//547
f 477//505 499//543 501//546 480//506
f 480//512 501//540 498//539 478//509
f 505//593 517//609 519//610 507//594
f 507//595 519//611 518//612 506//596
f 508//597 520//613 522//614 510//598
f 510//599 522//615 521//616 509//600
f 511//601 523//617 525//618 513//602
f 513//603 525//619 524//620 512//604
f 514//605 526//621 528//622 516//606
f 516//607 528//623 527//624 515//608
f 517//609 529//625 531//626 519//610
f 519//611 531//627 530//628 518//612
f 520//613 532//629 534//630 522//614
f 522//615 534//631 533//632 521//616
f 523//617 535//633 537//634 525//618
f 525//619 537//635 536//636 524//620
f 526//621 538//637 540//638 528//622
f 528//623 540//639 539//640 527//624
f 529//625 541//641 543//642 531//626
f 531//627 543//643 542//644 530//628
f 532//629 544//645 546//646 534//630
f 534//631 546//647 545//648 533//632
f 535//633 547//649 549//650 537//634
f 537//635 549//651 548//652 536//636
f 538//637 550//653 552//654 540//638
f 540//639 552//655 551//656 539//640
f 541//641 553//657 555//658 543//642
f 543//643 555//659 554//660 542//644
f 544//645 556//661 558//662 546//646
f 546//647 558//663 557//664 545//648
f 547//649 559//665 561//666 549//650
f 549//651 561//667 560//668 548//652
f 550//653 562//669 564//670 552//654
f 552//655 564//671 563//672 551//656
f 553//657 565//673 567//674 555//658
f 555//659 567//675 566//676 554//660
f 556//661 568//677 570//678 558//662
f 558//663 570//679 569//680 557//664
f 559//665 571//681 573//682 561//666
f 561//667 573//683 572//684 560//668
f 562//669 574//685 576//686 564//670
f 564//671 576//687 575//688 563//672
f 565//673 577//689 579//690 567//674
f 567//675 579//691 578//692 566//676
f 568//677 580//693 582//694 570//678
f 570//679 582//695 581//696 569//680
f 571//681 583//697 585//698 573//682
f 573//683 585//699 584//700 572//684
f 574//685 586//701 588//702 576//686
f 576//687 588//703 587//704 575//688
f 577//689 589//705 591//706 579//690
f 579//691 591//707 590//708 578//692
f 580//693 592//709 594//710 582//694
f 582//695 594//711 593//712 581//696
f 583//697 595//713 597//714 585//698
f 585//699 597//715 596//716 584//700
f 586//701 598//717 600//718 588//702
f 588//703 600//719 599//720 587//704
f 589//705 601//721 603//722 591//706
f 591//707 603//723 602//724 590//708
f 592//709 604//725 606//726 594//710
f 594//711 606//727 605//728 593//712
f 595//713 607//729 609//730 597//714
f 597//715 609//731 608//732 596//716
f 598//717 610//733 612//734 600//718
f 600//719 612//735 611//736 599//720
f 601//721 613//737 615//738 603//722
f 603//723 615//739 614//740 602//724
f 604//725 616//741 618//742 606//726
f 606//727 618//743 617//744 605//728
f 607//729 619//745 621//746 609//730
f 609//731 621//747 620//748 608//732
f 610//733 622//749 624//750 612//734
f 612//735 624//751 623//752 611//736
f 613//737 625//753 627//754 615//738
f 615//739 627//755 626//756 614//740
f 616//741 628//757 630//758 618//742
f 618//743 630//759 629//760 617//744
f 619//745 631//761 633//762 621//746
f 621//747 633//763 632//764 620//748
f 622//749 634//765 636//766 624//750
f 624//751 636//767 635//768 623//752
f 625//753 638//553 640//556 627//754
f 627//755 640//550 637//549 626//756
f 628//757 644//561 650//564 630//758
f 630//759 650//570 646//569 629//760
f 638//553 646//569 649//572 642//554
f 642//560 649//566 645//565 639//557
f 631//761 651//573 657//576 633//762
f 633//763 657//580 653//579 632//764
f 644//561 653//579 656//582 647//562
f 647//568 656//578 652//577 645//565
f 634//765 658//583 664//586 636//766
f 636//767 664//592 660//591 635//768
f 651//573 660//591 663//588 654//574
f 654//574 663//588 659//587 652//577
f 639//557 659//587 661//590 643//558
f 643//552 661//584 658//583 637//549
f 499//543 477//505 506//596 514//605
f 479//513 486//525 509//600 505//593
f 498//539 491//529 484//517 478//509
f 485//521 493//535 512//604 508//597
f 492//533 500//547 515//608 511//601
f 514//605 506//596 518//612 526//621
f 505//593 509//600 521//616 517//609
f 508//597 512//604 524//620 520//613
f 511//601 515//608 527//624 523//617
f 526//621 518//612 530//628 538//637
f 517//609 521//616 533//632 529//625
f 520//613 524//620 536//636 532//629
f 523//617 527//624 539//640 535//633
f 538//637 530//628 542//644 550//653
f 529//625 533//632 545//648 541//641
f 532//629 536//636 548//652 544//645
f 535//633 539//640 551//656 547//649
f 550//653 542//644 554//660 562//669
f 541//641 545//648 557//664 553//657
f 544//645 548//652 560//668 556//661
f 547//649 551//656 563//672 559//665
f 562//669 554//660 566//676 574//685
f 553//657 557//664 569//680 565//673
f 556//661 560//668 572//684 568//677
f 559//665 563//672 575//688 571//681
f 574//685 566//676 578//692 586//701
f 565//673 569//680 581//696 577//689
f 568//677 572//684 584//700 580//693
f 571//681 575//688 587//704 583//697
f 586//701 578//692 590//708 598//717
f 577//689 581//696 593//712 589//705
f 580//693 584//700 596//716 592//709
f 583//697 587//704 599//720 595//713
f 598//717 590//708 602//724 610//733
f 589//705 593//712 605//728 601//721
f 592//709 596//716 608//732 604//725
f 595//713 599//720 611//736 607//729
f 610//733 602//724 614//740 622//749
f 601//721 605//728 617//744 613//737
f 604//725 608//732 620//748 616//741
f 607//729 611//736 623//752 619//745
f 622//749 614//740 626//756 634//765
f 613//737 617//744 629//760 625//753
f 616//741 620//748 632//764 628//757
f 619//745 623//752 635//768 631//761
f 634//765 626//756 637//549 658//583
f 625//753 629//760 646//569 638//553
f 628//757 632//764 653//579 644//561
f 631//761 635//768 660//591 651//573
f 639//557 645//565 652//577 659//587
f 665//769 666//770 672//770 671//771
f 666//770 667//772 673//773 672//770
f 668//774 669//775 675//775 674//776
f 669//775 670//777 676//778 675//775
f 671//771 672//770 678//770 677//779
f 672//770 673//773 679//780 678//770
f 674//776 675//775 681//775 680//781
f 675//775 676//778 682//782 681//775
f 677//779 678//770 684//783 683//784
f 678//770 679//780 685//785 684//783
f 680//781 681//775 687//786 686//787
f 681//775 682//782 688//788 687//786
f 683//784 684//783 690//789 689//790
f 684//783 685//785 691//791 690//789
f 686//787 687//786 693//792 692//793
f 687//786 688//788 694//794 693//792
f 689//790 690//789 696//795 695//796
f 690//789 691//791 697//797 696//795
f 692//793 693//792 699//798 698//799
f 693//792 694//794 700//800 699//798
f 695//796 696//795 702//801 701//802
f 696//795 697//797 703//803 702//801
f 698//799 699//798 705//804 704//805
f 699//798 700//800 706//806 705//804
f 701//802 702//801 708//807 707//808
f 702//801 703//803 709//809 708//807
f 704//805 705//804 711//810 710//811
f 705//804 706//806 712//812 711//810
f 707//808 708//807 714//813 713//814
f 708//807 709//809 715//815 714//813
f 710//811 711//810 717//816 716//817
f 711//810 712//812 718//818 717//816
f 713//814 714//813 720//819 719//820
f 714//813 715//815 721//821 720//819
f 716//817 717//816 723//822 722//823
f 717//816 718//818 724//824 723//822
f 719//820 720//819 726//825 725//826
f 720//819 721//821 727//827 726//825
f 722//823 723//822 729//828 728//829
f 723//822 724//824 730//830 729//828
f 725//826 726//825 732//831 731//832
f 726//825 727//827 733//833 732//831
f 728//829 729//828 735//834 734//835
f 729//828 730//830 736//836 735//834
f 737//837 740//838 741//839 743//840
f 738//841 742//842 741//843 740//844
f 739//845 743//846 741//847 742//848
f 753//849 756//850 757//851 759//852
f 754//853 758//854 757//855 756//856
f 755//857 759//858 757//859 758//860
f 841//861 844//862 845//863 847//864
f 842//865 846//866 845//863 844//862
f 843//867 847//868 845//869 846//870
f 857//871 860//872 861//873 863//874
f 858//875 862//876 861//877 860//878
f 859//879 863//874 861//873 862//880
f 739//845 769//881 771//882 743//846
f 743//840 771//883 770//884 737//837
f 738//841 744//885 746//886 742//842
f 742//848 746//887 745//888 739//845
f 744//885 747//889 749//890 746//886
f 746//887 749//891 748//892 745//888
f 747//889 750//893 752//894 749//890
f 749//891 752//895 751//896 748//892
f 750//893 753//849 759//852 752//894
f 752//895 759//858 755//857 751//896
f 754//853 772//897 774//898 758//854
f 758//860 774//899 773//900 755//857
f 753//849 760//901 762//902 756//850
f 756//856 762//903 761//904 754//853
f 760//901 763//905 765//906 762//902
f 762//903 765//907 764//908 761//904
f 763//905 766//909 768//910 765//906
f 765//907 768//911 767//912 764//908
f 737//837 767//912 768//911 740//838
f 740//844 768//910 766//909 738//841
f 769//881 775//913 777//914 771//882
f 771//883 777//915 776//916 770//884
f 772//897 778//917 780//918 774//898
f 774//899 780//919 779//920 773//900
f 775//913 781//921 783//922 777//914
f 777//915 783//923 782//924 776//916
f 778//917 784//925 786//926 780//918
f 780//919 786//927 785//928 779//920
f 781//921 787//929 789//930 783//922
f 783//923 789//931 788//932 782//924
f 784//925 790//933 792//934 786//926
f 786//927 792//935 791//936 785//928
f 787//929 793//937 795//938 789//930
f 789//931 795//939 794//940 788//932
f 790//933 796//941 798//942 792//934
f 792//935 798//943 797//944 791//936
f 793//937 799//945 801//946 795//938
f 795//939 801//947 800//948 794//940
f 796//941 802//949 804//950 798//942
f 798//943 804//951 803//952 797//944
f 799//945 805//953 807//954 801//946
f 801//947 807//955 806//956 800//948
f 802//949 808//957 810//958 804//950
f 804//951 810//959 809//960 803//952
f 805//953 811//961 813//962 807//954
f 807//955 813//963 812//964 806//956
f 808//957 814//965 816//966 810//958
f 810//959 816//967 815//968 809//960
f 811//961 817//969 819//970 813//962
f 813//963 819//971 818//972 812//964
f 814//965 820//973 822//974 816//966
f 816//967 822//975 821//976 815//968
f 817//969 823//977 825//978 819//970
f 819//971 825//979 824//980 818//972
f 820//973 826//981 828//982 822//974
f 822//975 828//983 827//984 821//976
f 823//977 829//985 831//986 825//978
f 825//979 831//987 830//988 824//980
f 826//981 832//989 834//990 828//982
f 828//983 834//991 833//992 827//984
f 829//985 835//993 837//994 831//986
f 831//987 837//995 836//996 830//988
f 832//989 838//997 840//998 834//990
f 834//991 840//999 839//1000 833//992
f 835//993 842//865 844//862 837//994
f 837//995 844//862 841//861 836//996
f 842//865 849//1001 850//1002 846//866
f 846//870 850//1003 848//1004 843//867
f 849//1005 852//1006 853//1007 850//1008
f 850//1003 853//1009 851//1010 848//1004
f 852//1006 855//1011 856//1012 853//1007
f 853//1009 856//1013 854//1014 851//1010
f 838//997 857//871 863//874 840//998
f 840//999 863//874 859//879 839//1000
f 855//1015 859//879 862//880 856//1016
f 856//1013 862//876 858//875 854//1014
f 857//871 865//1017 866//1018 860//872
f 860//878 866//1019 864//1020 858//875
f 865//1021 868//1022 869//1023 866//1024
f 866//1019 869//1025 867//1026 864//1020
f 868//1022 871//1027 872//1028 869//1023
f 869//1025 872//1029 870//1030 867//1026
f 843//867 870//1030 872//1029 847//868
f 847//864 872//1031 871//1032 841//861
f 767//912 737//837 770//884 670//777
f 739//845 745//888 665//769 769//881
f 766//909 763//905 760//901 753//849 750//893 747//889 744//885 738//841
f 745//888 748//892 666//770 665//769
f 748//892 751//896 667//772 666//770
f 751//896 755//857 773//900 667//772
f 754//853 761//904 668//774 772//897
f 761//904 764//908 669//775 668//774
f 764//908 767//912 670//777 669//775
f 670//777 770//884 776//916 676//1033
f 769//881 665//769 671//1034 775//913
f 772//897 668//774 674//1035 778//917
f 667//772 773//900 779//920 673//1036
f 676//1033 776//916 782//924 682//1037
f 775//913 671//1034 677//1038 781//921
f 778//917 674//1035 680//1039 784//925
f 673//1036 779//920 785//928 679//1040
f 682//1037 782//924 788//932 688//1041
f 781//921 677//1038 683//1042 787//929
f 784//925 680//1039 686//1043 790//933
f 679//1040 785//928 791//936 685//1044
f 688//1041 788//932 794//940 694//1045
f 787//929 683//1042 689//1046 793//937
f 790//933 686//1043 692//1047 796//941
f 685//1044 791//936 797//944 691//1048
f 694//1045 794//940 800//948 700//1049
f 793//937 689//1046 695//1050 799//945
f 796//941 692//1047 698//1051 802//949
f 691//1048 797//944 803//952 697//1052
f 700//1049 800//948 806//956 706//1053
f 799//945 695//1050 701//1054 805//953
f 802//949 698//1051 704//1055 808//957
f 697//1052 803//952 809//960 703//1056
f 706//1053 806//956 812//964 712//1057
f 805//953 701//1054 707//1058 811//961
f 808//957 704//1055 710//1059 814//965
f 703//1056 809//960 815//968 709//1060
f 712//1057 812//964 818//972 718//1061
f 811//961 707//1058 713//1062 817//969
f 814//965 710//1059 716//1063 820//973
f 709//1060 815//968 821//976 715//1064
f 718//1061 818//972 824//980 724//1065
f 817//969 713//1062 719//1066 823//977
f 820//973 716//1063 722//1067 826//981
f 715//1064 821//976 827//984 721//1068
f 724//1065 824//980 830//988 730//1069
f 823//977 719//1066 725//1070 829//985
f 826//981 722//1067 728//1071 832//989
f 721//1068 827//984 833//992 727//1072
f 730//1069 830//988 836//996 736//1073
f 829//985 725//1070 731//1074 835//993
f 832//989 728//1071 734//1075 838//997
f 727//1072 833//992 839//1000 733//1076
f 736//1073 836//996 841//861 871//1032
f 835//993 731//1074 849//1001 842//865
f 838//997 734//1075 865//1017 857//871
f 733//1076 839//1000 859//879 855//1015
f 843//867 848//1004 851//1010 854//1014 858//875 864//1020 867//1026 870//1030
f 731//832 732//831 852//1006 849//1005
f 732//831 733//833 855//1011 852//1006
f 734//835 735//834 868//1022 865//1021
f 735//834 736//836 871//1027 868//1022
f 873//1077 888//1078 887//1079
f 874//1080 890//1081 896//1082
f 873//1077 887//1079 902//1083
f 873//1077 902//1083 908//1084
f 873//1077 908//1084 897//1085
f 874//1080 896//1082 917//1086
f 875//1087 893//1088 923//1089
f 876//1090 905//1091 929//1092
f 877//1093 911//1094 935//1095
f 878//1096 914//1097 941//1098
f 874//1080 917//1086 924//1099
f 875//1087 923//1089 930//1100
f 876//1090 929//1092 936//1101
f 877//1093 935//1095 942//1102
f 878//1096 941//1098 918//1103
f 879//1104 947//1105 962//1106
f 880//1107 950//1108 968//1109
f 881//1110 953//1111 971//1112
f 882//1113 956//1114 974//1115
f 883//1116 959//1117 963//1118
f 965//1119 972//1120 884//1121
f 964//1122 975//1123 965//1119
f 963//1118 976//1124 964//1122
f 965//1119 975//1123 972//1120
f 975//1123 973//1125 972//1120
f 964//1122 976//1124 975//1123
f 976//1124 977//1126 975//1123
f 975//1123 977//1126 973//1125
f 977//1126 974//1115 973//1125
f 963//1118 959//1117 976//1124
f 959//1117 958//1127 976//1124
f 976//1124 958//1127 977//1126
f 958//1127 957//1128 977//1126
f 977//1126 957//1128 974//1115
f 957//1128 882//1113 974//1115
f 972//1120 969//1129 884//1121
f 973//1125 978//1130 972//1120
f 974//1115 979//1131 973//1125
f 972//1120 978//1130 969//1129
f 978//1130 970//1132 969//1129
f 973//1125 979//1131 978//1130
f 979//1131 980//1133 978//1130
f 978//1130 980//1133 970//1132
f 980//1133 971//1112 970//1132
f 974//1115 956//1114 979//1131
f 956//1114 955//1134 979//1131
f 979//1131 955//1134 980//1133
f 955//1134 954//1135 980//1133
f 980//1133 954//1135 971//1112
f 954//1135 881//1110 971//1112
f 969//1129 966//1136 884//1121
f 970//1132 981//1137 969//1129
f 971//1112 982//1138 970//1132
f 969//1129 981//1137 966//1136
f 981//1137 967//1139 966//1136
f 970//1132 982//1138 981//1137
f 982//1138 983//1140 981//1137
f 981//1137 983//1140 967//1139
f 983//1140 968//1109 967//1139
f 971//1112 953//1111 982//1138
f 953//1111 952//1141 982//1138
f 982//1138 952//1141 983//1140
f 952//1141 951//1142 983//1140
f 983//1140 951//1142 968//1109
f 951//1142 880//1107 968//1109
f 966//1136 960//1143 884//1121
f 967//1139 984//1144 966//1136
f 968//1109 985//1145 967//1139
f 966//1136 984//1144 960//1143
f 984//1144 961//1146 960//1143
f 967//1139 985//1145 984//1144
f 985//1145 986//1147 984//1144
f 984//1144 986//1147 961//1146
f 986//1147 962//1106 961//1146
f 968//1109 950//1108 985//1145
f 950//1108 949//1148 985//1145
f 985//1145 949//1148 986//1147
f 949//1148 948//1149 986//1147
f 986//1147 948//1149 962//1106
f 948//1149 879//1104 962//1106
f 960//1143 965//1119 884//1121
f 961//1146 987//1150 960//1143
f 962//1106 988//1151 961//1146
f 960//1143 987//1150 965//1119
f 987//1150 964//1122 965//1119
f 961//1146 988//1151 987//1150
f 988//1151 989//1152 987//1150
f 987//1150 989//1152 964//1122
f 989//1152 963//1118 964//1122
f 962//1106 947//1105 988//1151
f 947//1105 946//1153 988//1151
f 988//1151 946//1153 989//1152
f 946//1153 945//1154 989//1152
f 989//1152 945//1154 963//1118
f 945//1154 883//1116 963//1118
f 920//1155 959//1117 883//1116
f 919//1156 990//1157 920//1155
f 918//1103 991//1158 919//1156
f 920//1155 990//1157 959//1117
f 990//1157 958//1127 959//1117
f 919//1156 991//1158 990//1157
f 991//1158 992//1159 990//1157
f 990//1157 992//1159 958//1127
f 992//1159 957//1128 958//1127
f 918//1103 941//1098 991//1158
f 941//1098 940//1160 991//1158
f 991//1158 940//1160 992//1159
f 940//1160 939//1161 992//1159
f 992//1159 939//1161 957//1128
f 939//1161 882//1113 957//1128
f 944//1162 956//1114 882//1113
f 943//1163 993//1164 944//1162
f 942//1102 994//1165 943//1163
f 944//1162 993//1164 956//1114
f 993//1164 955//1134 956//1114
f 943//1163 994//1165 993//1164
f 994//1165 995//1166 993//1164
f 993//1164 995//1166 955//1134
f 995//1166 954//1135 955//1134
f 942//1102 935//1095 994//1165
f 935//1095 934//1167 994//1165
f 994//1165 934//1167 995//1166
f 934//1167 933//1168 995//1166
f 995//1166 933//1168 954//1135
f 933//1168 881//1110 954//1135
f 938//1169 953//1111 881//1110
f 937//1170 996//1171 938//1169
f 936//1101 997//1172 937//1170
f 938//1169 996//1171 953//1111
f 996//1171 952//1141 953//1111
f 937//1170 997//1172 996//1171
f 997//1172 998//1173 996//1171
f 996//1171 998//1173 952//1141
f 998//1173 951//1142 952//1141
f 936//1101 929//1092 997//1172
f 929//1092 928//1174 997//1172
f 997//1172 928//1174 998//1173
f 928//1174 927//1175 998//1173
f 998//1173 927//1175 951//1142
f 927//1175 880//1107 951//1142
f 932//1176 950//1108 880//1107
f 931//1177 999//1178 932//1176
f 930//1100 1000//1179 931//1177
f 932//1176 999//1178 950//1108
f 999//1178 949//1148 950//1108
f 931//1177 1000//1179 999//1178
f 1000//1179 1001//1180 999//1178
f 999//1178 1001//1180 949//1148
f 1001//1180 948//1149 949//1148
f 930//1100 923//1089 1000//1179
f 923//1089 922//1181 1000//1179
f 1000//1179 922//1181 1001//1180
f 922//1181 921//1182 1001//1180
f 1001//1180 921//1182 948//1149
f 921//1182 879//1104 948//1149
f 926//1183 947//1105 879//1104
f 925//1184 1002//1185 926//1183
f 924//1099 1003//1186 925//1184
f 926//1183 1002//1185 947//1105
f 1002//1185 946//1153 947//1105
f 925//1184 1003//1186 1002//1185
f 1003//1186 1004//1187 1002//1185
f 1002//1185 1004//1187 946//1153
f 1004//1187 945//1154 946//1153
f 924//1099 917//1086 1003//1186
f 917//1086 916//1188 1003//1186
f 1003//1186 916//1188 1004//1187
f 916//1188 915//1189 1004//1187
f 1004//1187 915//1189 945//1154
f 915//1189 883//1116 945//1154
f 939//1161 944//1162 882//1113
f 940//1160 1005//1190 939//1161
f 941//1098 1006//1191 940//1160
f 939//1161 1005//1190 944//1162
f 1005//1190 943//1163 944//1162
f 940//1160 1006//1191 1005//1190
f 1006//1191 1007//1192 1005//1190
f 1005//1190 1007//1192 943//1163
f 1007//1192 942//1102 943//1163
f 941//1098 914//1097 1006//1191
f 914//1097 913//1193 1006//1191
f 1006//1191 913//1193 1007//1192
f 913//1193 912//1194 1007//1192
f 1007//1192 912//1194 942//1102
f 912//1194 877//1093 942//1102
f 933//1168 938//1169 881//1110
f 934//1167 1008//1195 933//1168
f 935//1095 1009//1196 934//1167
f 933//1168 1008//1195 938//1169
f 1008//1195 937//1170 938//1169
f 934//1167 1009//1196 1008//1195
f 1009//1196 1010//1197 1008//1195
f 1008//1195 1010//1197 937//1170
f 1010//1197 936//1101 937//1170
f 935//1095 911//1094 1009//1196
f 911//1094 910//1198 1009//1196
f 1009//1196 910//1198 1010//1197
f 910//1198 909//1199 1010//1197
f 1010//1197 909//1199 936//1101
f 909//1199 876//1090 936//1101
f 927//1175 932//1176 880//1107
f 928//1174 1011//1200 927//1175
f 929//1092 1012//1201 928//1174
f 927//1175 1011//1200 932//1176
f 1011//1200 931//1177 932//1176
f 928//1174 1012//1201 1011//1200
f 1012//1201 1013//1202 1011//1200
f 1011//1200 1013//1202 931//1177
f 1013//1202 930//1100 931//1177
f 929//1092 905//1091 1012//1201
f 905//1091 904//1203 1012//1201
f 1012//1201 904//1203 1013//1202
f 904//1203 903//1204 1013//1202
f 1013//1202 903//1204 930//1100
f 903//1204 875//1087 930//1100
f 921//1182 926//1183 879//1104
f 922//1181 1014//1205 921//1182
f 923//1089 1015//1206 922//1181
f 921//1182 1014//1205 926//1183
f 1014//1205 925//1184 926//1183
f 922//1181 1015//1206 1014//1205
f 1015//1206 1016//1207 1014//1205
f 1014//1205 1016//1207 925//1184
f 1016//1207 924//1099 925//1184
f 923//1089 893//1088 1015//1206
f 893//1088 892//1208 1015//1206
f 1015//1206 892//1208 1016//1207
f 892//1208 891//1209 1016//1207
f 1016//1207 891//1209 924//1099
f 891//1209 874//1080 924//1099
f 915//1189 920//1155 883//1116
f 916//1188 1017//1210 915//1189
f 917//1086 1018//1211 916//1188
f 915//1189 1017//1210 920//1155
f 1017//1210 919//1156 920//1155
f 916//1188 1018//1211 1017//1210
f 1018//1211 1019//1212 1017//1210
f 1017//1210 1019//1212 919//1156
f 1019//1212 918//1103 919//1156
f 917//1086 896//1082 1018//1211
f 896//1082 895//1213 1018//1211
f 1018//1211 895//1213 1019//1212
f 895//1213 894//1214 1019//1212
f 1019//1212 894//1214 918//1103
f 894//1214 878//1096 918//1103
f 899//1215 914//1097 878//1096
f 898//1216 1020//1217 899//1215
f 897//1085 1021//1218 898//1216
f 899//1215 1020//1217 914//1097
f 1020//1217 913//1193 914//1097
f 898//1216 1021//1218 1020//1217
f 1021//1218 1022//1219 1020//1217
f 1020//1217 1022//1219 913//1193
f 1022//1219 912//1194 913//1193
f 897//1085 908//1084 1021//1218
f 908//1084 907//1220 1021//1218
f 1021//1218 907//1220 1022//1219
f 907//1220 906//1221 1022//1219
f 1022//1219 906//1221 912//1194
f 906//1221 877//1093 912//1194
f 906//1221 911//1094 877//1093
f 907//1220 1023//1222 906//1221
f 908//1084 1024//1223 907//1220
f 906//1221 1023//1222 911//1094
f 1023//1222 910//1198 911//1094
f 907//1220 1024//1223 1023//1222
f 1024//1223 1025//1224 1023//1222
f 1023//1222 1025//1224 910//1198
f 1025//1224 909//1199 910//1198
f 908//1084 902//1083 1024//1223
f 902//1083 901//1225 1024//1223
f 1024//1223 901//1225 1025//1224
f 901//1225 900//1226 1025//1224
f 1025//1224 900//1226 909//1199
f 900//1226 876//1090 909//1199
f 900//1226 905//1091 876//1090
f 901//1225 1026//1227 900//1226
f 902//1083 1027//1228 901//1225
f 900//1226 1026//1227 905//1091
f 1026//1227 904//1203 905//1091
f 901//1225 1027//1228 1026//1227
f 1027//1228 1028//1229 1026//1227
f 1026//1227 1028//1229 904//1203
f 1028//1229 903//1204 904//1203
f 902//1083 887//1079 1027//1228
f 887//1079 886//1230 1027//1228
f 1027//1228 886//1230 1028//1229
f 886//1230 885//1231 1028//1229
f 1028//1229 885//1231 903//1204
f 885//1231 875//1087 903//1204
f 894//1214 899//1215 878//1096
f 895//1213 1029//1232 894//1214
f 896//1082 1030//1233 895//1213
f 894//1214 1029//1232 899//1215
f 1029//1232 898//1216 899//1215
f 895//1213 1030//1233 1029//1232
f 1030//1233 1031//1234 1029//1232
f 1029//1232 1031//1234 898//1216
f 1031//1234 897//1085 898//1216
f 896//1082 890//1081 1030//1233
f 890//1081 889//1235 1030//1233
f 1030//1233 889//1235 1031//1234
f 889//1235 888//1078 1031//1234
f 1031//1234 888//1078 897//1085
f 888//1078 873//1077 897//1085
f 885//1231 893//1088 875//1087
f 886//1230 1032//1236 885//1231
f 887//1079 1033//1237 886//1230
f 885//1231 1032//1236 893//1088
f 1032//1236 892//1208 893//1088
f 886//1230 1033//1237 1032//1236
f 1033//1237 1034//1238 1032//1236
f 1032//1236 1034//1238 892//1208
f 1034//1238 891//1209 892//1208
f 887//1079 888//1078 1033//1237
f 888//1078 889//1235 1033//1237
f 1033//1237 889//1235 1034//1238
f 889//1235 890//1081 1034//1238
f 1034//1238 890//1081 891//1209
f 890//1081 874//1080 891//1209
f 1035//1239 1038//1240 1039//1241 1041//1242
f 1036//1243 1040//1244 1039//1245 1038//1246
f 1037//1247 1041//1242 1039//1248 1040//1249
f 1042//1250 1045//1251 1046//1252 1048//1253
f 1043//1254 1047//1255 1046//1256 1045//1257
f 1044//1258 1048//1259 1046//1260 1047//1255
f 1049//1261 1052//1262 1053//1263 1055//1264
f 1050//1265 1054//1266 1053//1267 1052//1262
f 1051//1268 1055//1269 1053//1270 1054//1271
f 1056//1272 1059//1273 1060//1274 1062//1275
f 1057//1276 1061//1277 1060//1278 1059//1279
f 1058//1280 1062//1275 1060//1281 1061//1282
f 1063//1283 1066//1284 1067//1285 1069//1286
f 1064//1287 1068//1288 1067//1289 1066//1284
f 1065//1290 1069//1291 1067//1292 1068//1293
f 1070//1294 1073//1295 1074//1296 1076//1297
f 1071//1298 1075//1299 1074//1300 1073//1301
f 1072//1302 1076//1297 1074//1303 1075//1304
f 1077//1305 1080//1306 1081//1307 1083//1308
f 1078//1309 1082//1310 1081//1311 1080//1312
f 1079//1313 1083//1308 1081//1314 1082//1315
f 1084//1316 1087//1317 1088//1318 1090//1319
f 1085//1320 1089//1321 1088//1322 1087//1317
f 1086//1323 1090//1324 1088//1325 1089//1326
f 1049//1261 1035//1239 1041//1242 1052//1262
f 1052//1262 1041//1242 1037//1247 1050//1265
f 1036//1243 1042//1250 1048//1253 1040//1244
f 1040//1249 1048//1259 1044//1258 1037//1247
f 1043//1254 1056//1272 1062//1275 1047//1255
f 1047//1255 1062//1275 1058//1280 1044//1258
f 1057//1276 1051//1268 1054//1271 1061//1277
f 1061//1282 1054//1266 1050//1265 1058//1280
f 1077//1305 1049//1261 1055//1264 1080//1306
f 1080//1312 1055//1269 1051//1268 1078//1309
f 1056//1272 1084//1316 1090//1319 1059//1273
f 1059//1279 1090//1324 1086//1323 1057//1276
f 1085//1320 1079//1313 1082//1315 1089//1321
f 1089//1326 1082//1310 1078//1309 1086//1323
f 1063//1283 1077//1305 1083//1308 1066//1284
f 1066//1284 1083//1308 1079//1313 1064//1287
f 1084//1316 1070//1294 1076//1297 1087//1317
f 1087//1317 1076//1297 1072//1302 1085//1320
f 1071//1298 1065//1290 1068//1293 1075//1299
f 1075//1304 1068//1288 1064//1287 1072//1302
f 1035//1239 1063//1283 1069//1286 1038//1240
f 1038//1246 1069//1291 1065//1290 1036//1243
f 1070//1294 1043//1254 1045//1257 1073//1295
f 1073//1301 1045//1251 1042//1250 1071//1298
f 1049//1261 1077//1305 1063//1283 1035//1239
f 1037//1247 1044//1258 1058//1280 1050//1265
f 1065//1290 1071//1298 1042//1250 1036//1243
f 1084//1316 1056//1272 1043//1254 1070//1294
f 1051//1268 1057//1276 1086//1323 1078//1309
f 1079//1313 1085//1320 1072//1302 1064//1287
f 1091//1239 1094//1240 1095//1241 1097//1242
f 1092//1243 1096//1327 1095//1328 1094//1329
f 1093//1247 1097//1242 1095//1248 1096//1249
f 1098//1250 1101//1251 1102//1330 1104//1331
f 1099//1254 1103//1255 1102//1332 1101//1257
f 1100//1258 1104//1259 1102//1260 1103//1255
f 1105//1261 1108//1262 1109//1263 1111//1264
f 1106//1265 1110//1266 1109//1267 1108//1262
f 1107//1268 1111//1333 1109//1334 1110//1335
f 1112//1272 1115//1273 1116//1336 1118//1275
f 1113//1276 1117//1337 1116//1338 1115//1339
f 1114//1280 1118//1275 1116//1281 1117//1282
f 1119//1283 1122//1284 1123//1285 1125//1286
f 1120//1287 1124//1288 1123//1289 1122//1284
f 1121//1290 1125//1340 1123//1341 1124//1342
f 1126//1294 1129//1295 1130//1343 1132//1297
f 1127//1298 1131//1344 1130//1300 1129//1301
f 1128//1302 1132//1297 1130//1303 1131//1304
f 1133//1305 1136//1306 1137//1307 1139//1308
f 1134//1309 1138//1345 1137//1346 1136//1347
f 1135//1313 1139//1308 1137//1314 1138//1315
f 1140//1316 1143//1317 1144//1348 1146//1319
f 1141//1320 1145//1321 1144//1322 1143//1317
f 1142//1323 1146//1349 1144//1350 1145//1351
f 1105//1261 1091//1239 1097//1242 1108//1262
f 1108//1262 1097//1242 1093//1247 1106//1265
f 1092//1243 1098//1250 1104//1331 1096//1327
f 1096//1249 1104//1259 1100//1258 1093//1247
f 1099//1254 1112//1272 1118//1275 1103//1255
f 1103//1255 1118//1275 1114//1280 1100//1258
f 1113//1276 1107//1268 1110//1335 1117//1337
f 1117//1282 1110//1266 1106//1265 1114//1280
f 1133//1305 1105//1261 1111//1264 1136//1306
f 1136//1347 1111//1333 1107//1268 1134//1309
f 1112//1272 1140//1316 1146//1319 1115//1273
f 1115//1339 1146//1349 1142//1323 1113//1276
f 1141//1320 1135//1313 1138//1315 1145//1321
f 1145//1351 1138//1345 1134//1309 1142//1323
f 1119//1283 1133//1305 1139//1308 1122//1284
f 1122//1284 1139//1308 1135//1313 1120//1287
f 1140//1316 1126//1294 1132//1297 1143//1317
f 1143//1317 1132//1297 1128//1302 1141//1320
f 1127//1298 1121//1290 1124//1342 1131//1344
f 1131//1304 1124//1288 1120//1287 1128//1302
f 1091//1239 1119//1283 1125//1286 1094//1240
f 1094//1329 1125//1340 1121//1290 1092//1243
f 1126//1294 1099//1254 1101//1257 1129//1295
f 1129//1301 1101//1251 1098//1250 1127//1298
f 1105//1261 1133//1305 1119//1283 1091//1239
f 1093//1247 1100//1258 1114//1280 1106//1265
f 1121//1290 1127//1298 1098//1250 1092//1243
f 1140//1316 1112//1272 1099//1254 1126//1294
f 1107//1268 1113//1276 1142//1323 1134//1309
f 1135//1313 1141//1320 1128//1302 1120//1287
f 1147//1239 1150//1240 1151//1241 1153//1242
f 1148//1243 1152//1327 1151//1352 1150//1329
f 1149//1247 1153//1242 1151//1248 1152//1249
f 1154//1250 1157//1251 1158//1252 1160//1331
f 1155//1254 1159//1255 1158//1332 1157//1257
f 1156//1258 1160//1259 1158//1260 1159//1255
f 1161//1261 1164//1262 1165//1263 1167//1264
f 1162//1265 1166//1266 1165//1267 1164//1262
f 1163//1268 1167//1333 1165//1353 1166//1335
f 1168//1272 1171//1273 1172//1336 1174//1275
f 1169//1276 1173//1337 1172//1278 1171//1339
f 1170//1280 1174//1275 1172//1281 1173//1282
f 1175//1283 1178//1284 1179//1285 1181//1286
f 1176//1287 1180//1288 1179//1289 1178//1284
f 1177//1290 1181//1340 1179//1354 1180//1342
f 1182//1294 1185//1295 1186//1343 1188//1297
f 1183//1298 1187//1344 1186//1355 1185//1301
f 1184//1302 1188//1297 1186//1303 1187//1304
f 1189//1305 1192//1306 1193//1307 1195//1308
f 1190//1309 1194//1345 1193//1356 1192//1347
f 1191//1313 1195//1308 1193//1314 1194//1315
f 1196//1316 1199//1317 1200//1348 1202//1319
f 1197//1320 1201//1321 1200//1322 1199//1317
f 1198//1323 1202//1349 1200//1325 1201//1351
f 1161//1261 1147//1239 1153//1242 1164//1262
f 1164//1262 1153//1242 1149//1247 1162//1265
f 1148//1243 1154//1250 1160//1331 1152//1327
f 1152//1249 1160//1259 1156//1258 1149//1247
f 1155//1254 1168//1272 1174//1275 1159//1255
f 1159//1255 1174//1275 1170//1280 1156//1258
f 1169//1276 1163//1268 1166//1335 1173//1337
f 1173//1282 1166//1266 1162//1265 1170//1280
f 1189//1305 1161//1261 1167//1264 1192//1306
f 1192//1347 1167//1333 1163//1268 1190//1309
f 1168//1272 1196//1316 1202//1319 1171//1273
f 1171//1339 1202//1349 1198//1323 1169//1276
f 1197//1320 1191//1313 1194//1315 1201//1321
f 1201//1351 1194//1345 1190//1309 1198//1323
f 1175//1283 1189//1305 1195//1308 1178//1284
f 1178//1284 1195//1308 1191//1313 1176//1287
f 1196//1316 1182//1294 1188//1297 1199//1317
f 1199//1317 1188//1297 1184//1302 1197//1320
f 1183//1298 1177//1290 1180//1342 1187//1344
f 1187//1304 1180//1288 1176//1287 1184//1302
f 1147//1239 1175//1283 1181//1286 1150//1240
f 1150//1329 1181//1340 1177//1290 1148//1243
f 1182//1294 1155//1254 1157//1257 1185//1295
f 1185//1301 1157//1251 1154//1250 1183//1298
f 1161//1261 1189//1305 1175//1283 1147//1239
f 1149//1247 1156//1258 1170//1280 1162//1265
f 1177//1290 1183//1298 1154//1250 1148//1243
f 1196//1316 1168//1272 1155//1254 1182//1294
f 1163//1268 1169//1276 1198//1323 1190//1309
f 1191//1313 1197//1320 1184//1302 1176//1287
f 1203//1239 1206//1240 1207//1241 1209//1242
f 1204//1243 1208//1244 1207//1245 1206//1357
f 1205//1247 1209//1242 1207//1248 1208//1249
f 1210//1250 1213//1358 1214//1330 1216//1253
f 1211//1254 1215//1255 1214//1256 1213//1257
f 1212//1258 1216//1259 1214//1260 1215//1255
f 1217//1261 1220//1262 1221//1263 1223//1264
f 1218//1265 1222//1266 1221//1267 1220//1262
f 1219//1268 1223//1359 1221//1360 1222//1271
f 1224//1272 1227//1273 1228//1274 1230//1275
f 1225//1276 1229//1277 1228//1278 1227//1339
f 1226//1280 1230//1275 1228//1281 1229//1282
f 1231//1283 1234//1284 1235//1285 1237//1286
f 1232//1287 1236//1288 1235//1289 1234//1284
f 1233//1290 1237//1361 1235//1362 1236//1293
f 1238//1294 1241//1295 1242//1296 1244//1297
f 1239//1298 1243//1299 1242//1300 1241//1363
f 1240//1302 1244//1297 1242//1303 1243//1304
f 1245//1305 1248//1306 1249//1307 1251//1308
f 1246//1309 1250//1310 1249//1311 1248//1364
f 1247//1313 1251//1308 1249//1314 1250//1315
f 1252//1316 1255//1317 1256//1318 1258//1319
f 1253//1320 1257//1321 1256//1322 1255//1317
f 1254//1323 1258//1349 1256//1350 1257//1326
f 1217//1261 1203//1239 1209//1242 1220//1262
f 1220//1262 1209//1242 1205//1247 1218//1265
f 1204//1243 1210//1250 1216//1253 1208//1244
f 1208//1249 1216//1259 1212//1258 1205//1247
f 1211//1254 1224//1272 1230//1275 1215//1255
f 1215//1255 1230//1275 1226//1280 1212//1258
f 1225//1276 1219//1268 1222//1271 1229//1277
f 1229//1282 1222//1266 1218//1265 1226//1280
f 1245//1305 1217//1261 1223//1264 1248//1306
f 1248//1364 1223//1359 1219//1268 1246//1309
f 1224//1272 1252//1316 1258//1319 1227//1273
f 1227//1339 1258//1349 1254//1323 1225//1276
f 1253//1320 1247//1313 1250//1315 1257//1321
f 1257//1326 1250//1310 1246//1309 1254//1323
f 1231//1283 1245//1305 1251//1308 1234//1284
f 1234//1284 1251//1308 1247//1313 1232//1287
f 1252//1316 1238//1294 1244//1297 1255//1317
f 1255//1317 1244//1297 1240//1302 1253//1320
f 1239//1298 1233//1290 1236//1293 1243//1299
f 1243//1304 1236//1288 1232//1287 1240//1302
f 1203//1239 1231//1283 1237//1286 1206//1240
f 1206//1357 1237//1361 1233//1290 1204//1243
f 1238//1294 1211//1254 1213//1257 1241//1295
f 1241//1363 1213//1358 1210//1250 1239//1298
f 1217//1261 1245//1305 1231//1283 1203//1239
f 1205//1247 1212//1258 1226//1280 1218//1265
f 1233//1290 1239//1298 1210//1250 1204//1243
f 1252//1316 1224//1272 1211//1254 1238//1294
f 1219//1268 1225//1276 1254//1323 1246//1309
f 1247//1313 1253//1320 1240//1302 1232//1287
